has_job,has_car,has_house,loan_hist,risk_tol,num_children,loan_amount,loan_purpose,trust,fin_lit,id,qualified,group
1,1,0,1.0,0.4434760334259429,1.0,76237.0,5.0,0.9565392472915534,0.966559075389419,0,0,A
1,1,1,2.0,0.40879929035294454,2.0,30379.0,2.0,0.937397753664889,0.8359095379634596,1,1,A
1,0,1,1.0,0.3913756153663716,1.0,47930.0,1.0,0.8787647983747117,0.9540463902758355,2,1,A
1,0,0,0.0,0.5412200444086935,1.0,76784.0,4.0,0.7672220471441802,0.7335092178866376,3,0,B
0,1,1,1.0,0.19565252847051698,1.0,18392.0,3.0,0.6855561260070703,0.3517935799438308,5,1,A
0,1,1,0.0,0.32385371124968965,4.0,81066.0,1.0,0.7075475668120897,0.610053822257324,8,0,A
1,1,1,2.0,0.6519731557914732,1.0,85880.0,5.0,0.7011947921860393,0.31900156764150683,9,0,A
0,0,1,1.0,0.5884035684231665,1.0,58434.0,3.0,0.796541190556424,0.7995329850015803,10,1,A
1,0,0,2.0,0.31601240455311114,1.0,97416.0,1.0,0.8019440903019648,0.6002338574241597,11,0,A
1,1,1,3.0,0.44813074785195356,1.0,43386.0,1.0,0.9520722569269844,0.865130436467796,13,1,A
1,0,0,0.0,0.183174994354937,1.0,90676.0,5.0,0.8417643797950667,0.552948764326866,14,0,B
0,1,1,2.0,0.5138157961328139,4.0,53933.0,1.0,0.8462836730560804,0.9415211014441089,15,0,A
1,1,0,0.0,0.6942344951413031,4.0,88047.0,3.0,0.9089049706788255,0.8456606737333261,16,0,B
0,1,0,0.0,0.2592628352210802,2.0,49139.0,4.0,0.8806768596384379,0.8679544871192751,17,0,A
1,1,1,3.0,0.5550778449487057,1.0,50768.0,1.0,0.9800620294892541,0.9582439055922501,18,1,A
1,1,1,3.0,0.3640392215192309,1.0,50135.0,5.0,0.9889656592336645,0.8540463902758356,19,1,A
1,1,1,3.0,0.25707737729212066,4.0,47093.0,1.0,1.0,0.7495329850015803,20,1,A
1,0,0,0.0,0.4196361105606745,1.0,83772.0,3.0,0.04782892335973797,0.2391391306959102,21,0,B
1,1,1,1.0,0.4181945741860085,3.0,19329.0,2.0,1.0,0.7693181821839283,22,1,A
0,1,1,1.0,0.9112400749993861,4.0,45838.0,4.0,0.9488965659233665,0.8425830760700731,23,0,B
1,1,1,1.0,0.40375676221113427,1.0,32280.0,2.0,0.8967915064023407,0.8574275664689035,26,1,A
0,0,1,1.0,0.8059923649658491,2.0,69878.0,3.0,0.9522495741159143,0.7283997493862192,27,0,B
0,1,0,1.0,0.4706516903682714,2.0,25095.0,4.0,0.9479753832956778,0.8466524318503987,29,0,A
1,1,1,1.0,0.6051010803122676,4.0,52992.0,5.0,0.8504779164822647,0.6005209872655615,30,0,A
0,0,1,0.0,0.9093439305430357,1.0,11947.0,3.0,0.95,0.7133208836893647,32,0,B
1,0,0,1.0,0.8556705203180923,4.0,92978.0,5.0,0.8108840686804549,0.5715861042935013,33,0,B
1,1,0,2.0,0.41580172140600175,4.0,91490.0,5.0,0.955,0.7582439055922502,34,0,A
1,1,1,0.0,0.5046974914150679,2.0,50846.0,3.0,0.95,0.760628325311221,35,0,A
0,0,1,2.0,0.4153861073570957,2.0,32527.0,5.0,0.9762757129004835,0.8679544871192751,36,1,A
1,1,0,1.0,0.41359449473427495,4.0,85952.0,4.0,0.9713518583895655,0.8404399911139484,37,0,A
0,1,1,2.0,0.32957090234438446,3.0,94343.0,3.0,0.9371112438423326,0.7693181821839283,39,0,A
1,0,0,2.0,0.34979789203959416,4.0,47346.0,4.0,0.9450944990529025,0.7382175148131274,40,0,A
1,1,1,3.0,0.2720763050630044,0.0,78614.0,3.0,0.7708976322509173,0.6290507495087106,42,1,A
1,0,0,0.0,0.7479259837742696,0.0,56176.0,5.0,0.95,0.7404399911139483,43,0,B
1,0,1,3.0,0.37306465007429307,1.0,47501.0,3.0,1.0,0.9049097145229617,44,1,A
1,1,1,2.0,0.40454420926980644,3.0,38124.0,5.0,1.0,0.7672608377752104,45,1,A
1,1,1,2.0,0.5514833068432903,1.0,57381.0,5.0,1.0,0.9404399911139483,46,1,A
1,1,0,2.0,0.35360483962850886,4.0,19666.0,2.0,1.0,0.8297184837893458,47,1,B
0,0,0,1.0,0.6630425908584292,3.0,64476.0,4.0,0.95,0.7182551695835832,48,0,B
0,1,0,0.0,0.4155584617274519,2.0,85718.0,3.0,0.846504563147223,0.5880787055733292,49,0,A
1,1,1,0.0,0.3463946091880789,3.0,76093.0,4.0,0.881296903438586,0.9393390427938564,50,0,A
1,1,1,1.0,0.46274486572745377,1.0,89463.0,5.0,0.8754866977440886,0.9565999671409633,51,0,A
1,0,0,2.0,0.4355166416816174,4.0,39824.0,1.0,0.8942338587476389,0.7370746231148857,52,0,A
1,0,1,2.0,0.2613247899596949,1.0,24316.0,5.0,0.936867565373559,0.742583076070073,53,1,B
0,1,0,0.0,0.6061114616886996,2.0,94659.0,1.0,0.8871878395092677,0.8446522466343432,54,0,B
0,1,0,0.0,0.43552490418668843,2.0,84443.0,5.0,0.21558370721555176,0.3233016927974507,55,0,B
1,1,0,0.0,0.29059774739180794,3.0,66059.0,5.0,0.9000170005719901,0.5647605794265342,56,0,A
1,1,1,3.0,0.3083839105812717,0.0,19046.0,4.0,0.17633074901762086,0.2993017543066618,57,1,A
1,1,0,2.0,0.43354361631888944,2.0,30332.0,3.0,0.9370094794890864,1.0,58,1,A
1,1,1,1.0,0.332455707759827,4.0,88370.0,3.0,0.929735900803788,0.9540463902758355,59,0,A
1,0,1,2.0,0.3489636812912202,2.0,77215.0,4.0,0.9313253884394799,0.8540463902758356,60,0,A
0,0,0,0.0,0.7264561558402651,0.0,54642.0,5.0,0.95,0.8079441541679837,63,0,B
1,1,0,1.0,0.530006138703245,0.0,83339.0,2.0,0.95,0.8359095379634596,65,0,A
1,1,0,2.0,0.45338957718343614,2.0,89064.0,2.0,0.95,0.8621668711480214,66,0,A
1,1,0,1.0,0.5825546859203176,3.0,23886.0,1.0,0.95,0.8079441541679837,67,0,B
1,1,1,0.0,0.6833337777862785,1.0,93948.0,4.0,0.8887549192042042,0.8322720606544736,68,0,B
0,1,1,1.0,0.33066033121708377,2.0,35830.0,4.0,0.9027998329970556,0.6072024548920947,69,0,B
1,1,1,2.0,0.4641367003906004,1.0,48284.0,1.0,1.0,0.8644031548358553,70,1,A
1,1,0,0.0,0.8240800447089509,1.0,37124.0,1.0,0.668379648961321,0.5514234326518559,71,0,B
0,0,0,1.0,0.5438965712384395,0.0,62802.0,5.0,0.9218009984818236,0.7297184837893457,72,0,B
1,1,1,0.0,0.3382117750471822,3.0,27324.0,4.0,0.1799878047463897,0.3348453493545157,74,0,A
1,1,1,3.0,0.22633504429350437,3.0,38474.0,1.0,1.0,0.8495329850015804,75,1,A
1,1,0,3.0,0.4526380007947072,0.0,12187.0,5.0,1.0,0.960628325311221,76,1,A
0,0,1,2.0,0.49982550170045625,0.0,50654.0,4.0,0.95,0.9557607926224789,77,0,A
1,0,0,1.0,0.591778418186072,1.0,16026.0,4.0,1.0,0.943626580632785,78,1,A
1,1,1,1.0,0.45446181601814,0.0,82494.0,4.0,0.95,0.7629215980804329,79,0,A
1,1,1,2.0,0.6602331697415064,1.0,46677.0,1.0,1.0,0.8658490079305989,80,1,A
1,1,1,2.0,0.33524500002739976,2.0,40619.0,1.0,0.9015581356667228,0.7598440004171798,81,1,A
1,1,1,1.0,0.4383918718903018,1.0,25919.0,1.0,1.0,0.9621668711480212,82,1,A
1,1,1,2.0,0.4259943260849517,1.0,52413.0,1.0,0.8368426703374756,0.566073464872221,83,1,A
1,1,0,2.0,0.5508442403112628,4.0,56769.0,2.0,0.7003308492884174,0.5895024096223804,84,0,A
0,0,0,0.0,0.5399764317482069,2.0,43640.0,1.0,0.6883078973279423,0.5413060679661614,85,0,B
0,1,0,1.0,0.7123376706193373,3.0,30591.0,1.0,0.1774719845457272,0.31289384199806136,86,0,B
1,1,0,1.0,0.37875227467792333,4.0,39820.0,5.0,0.95,0.9415211014441089,87,0,A
1,1,1,2.0,0.4955633863733151,1.0,27614.0,3.0,1.0,0.8049097145229616,88,1,A
1,0,0,1.0,0.36367903951239927,2.0,76426.0,4.0,0.825304010389081,0.5751742791867973,89,1,B
1,1,1,2.0,0.36608922805495364,0.0,41711.0,3.0,1.0,1.0,90,1,A
1,0,1,1.0,0.5226710726161496,3.0,55706.0,4.0,0.95,0.7198136987677788,91,0,B
0,0,0,0.0,0.20557309197911644,4.0,86062.0,5.0,0.95,0.8335092178866377,92,0,B
1,1,1,3.0,0.2945852531159789,1.0,54922.0,4.0,1.0,0.9540463902758355,94,1,A
1,0,1,2.0,0.5678050112881958,3.0,26199.0,5.0,1.0,0.8382175148131275,95,1,B
1,1,1,2.0,0.3501262720869051,4.0,75058.0,2.0,0.95,0.7658490079305988,96,0,A
1,1,1,1.0,0.4317580885940002,2.0,70853.0,1.0,0.95,0.852281557163458,97,0,A
1,0,0,1.0,0.4414330890543456,3.0,45629.0,4.0,0.95,0.7531704623105664,98,0,A
1,1,1,3.0,0.49233496388911724,0.0,23453.0,4.0,1.0,0.8557607926224791,99,1,A
1,1,0,1.0,0.26393969705617315,1.0,75382.0,1.0,0.95,0.8686402088686925,100,0,A
1,1,1,3.0,0.1901295534524909,1.0,36330.0,2.0,1.0,0.9672608377752103,101,1,A
1,1,1,1.0,0.3854668299694761,1.0,52287.0,5.0,0.95,0.7522815571634579,102,0,A
1,0,0,1.0,0.4877046454862478,4.0,80390.0,4.0,0.7322211720476435,0.576187453058402,103,0,B
1,1,1,0.0,0.703509561092373,3.0,94746.0,1.0,0.95,0.8370746231148858,104,0,B
0,1,0,2.0,0.5805931989712936,0.0,47989.0,3.0,0.95,0.7382175148131274,105,0,A
1,1,0,0.0,0.2770600780725623,4.0,28671.0,2.0,0.95,0.7549097145229615,106,0,A
1,0,0,0.0,0.6104594237497182,2.0,58422.0,2.0,0.4823357767309877,0.2664182220977776,108,0,B
1,0,0,3.0,0.32757452611282173,4.0,32786.0,4.0,1.0,0.9531704623105663,109,1,A
1,1,1,0.0,0.5956048543010607,4.0,96461.0,5.0,0.580997015867407,0.960628325311221,111,0,A
1,0,0,3.0,0.5594858212743796,4.0,22807.0,4.0,1.0,0.9590492868121785,112,1,A
1,1,0,1.0,0.39150286330511486,4.0,57925.0,5.0,0.955,0.7335092178866376,113,0,B
1,1,1,3.0,0.40700305764066574,0.0,57151.0,2.0,1.0,0.9693181821839283,114,1,A
1,1,0,1.0,0.460540004866406,4.0,80208.0,1.0,0.95,0.8504632361937383,115,0,A
1,1,1,1.0,0.3814359989790796,1.0,40042.0,2.0,0.8935971099076536,0.601667216555788,116,1,A
0,0,0,1.0,0.19559311905071497,1.0,76995.0,3.0,0.9455,0.7228143240022584,117,0,B
1,0,0,1.0,0.398789704060685,0.0,62219.0,1.0,0.95,0.8665590753894191,118,0,A
1,0,1,2.0,0.3628364855723217,1.0,13744.0,1.0,1.0,0.7504632361937382,120,1,A
1,1,1,2.0,0.3621384763021296,3.0,34641.0,1.0,1.0,0.9531704623105663,121,1,A
1,1,1,1.0,0.6184947845804489,0.0,42631.0,4.0,1.0,0.8425830760700731,123,1,B
1,1,1,0.0,0.35351799543053647,0.0,86162.0,4.0,0.8015716119750964,0.5736157060136391,125,0,A
1,1,1,3.0,0.5115332352951031,4.0,43546.0,1.0,1.0,0.9590492868121785,127,1,A
1,0,0,2.0,0.3507700196918316,1.0,84714.0,2.0,0.6322514514629292,0.5472585115089518,128,0,A
1,1,1,2.0,0.4432203860055452,4.0,52553.0,3.0,0.9735529253649753,0.8193181821839284,129,1,A
1,1,1,1.0,0.28276522388179604,1.0,20118.0,3.0,1.0,0.8004632361937383,130,1,A
1,1,1,1.0,0.18855970536434846,1.0,36173.0,3.0,1.0,1.0,132,1,A
1,1,1,3.0,0.4830037740452966,2.0,96898.0,3.0,1.0,0.8859095379634596,133,1,A
0,1,0,2.0,0.3498772201045003,1.0,12408.0,3.0,1.0,0.9882175148131274,134,1,A
0,1,0,1.0,0.35255756020142887,1.0,13418.0,3.0,1.0,1.0,137,1,A
0,1,0,1.0,0.37583634999727833,3.0,51012.0,4.0,0.707979518016685,0.5831546480274845,138,0,A
1,1,0,1.0,0.389996358662441,3.0,87373.0,2.0,0.95,0.8665590753894191,140,0,A
1,0,1,2.0,0.43142183021285224,1.0,90223.0,1.0,0.6970517704004275,0.5847438564313493,143,0,A
0,1,1,0.0,0.49265394154721454,0.0,73263.0,5.0,0.5148061004133507,0.3045630987348575,146,0,A
1,1,0,1.0,0.5896518462726481,4.0,77378.0,1.0,0.6446859043535199,0.5615762336166223,148,0,A
0,1,1,0.0,0.566061215041981,4.0,87693.0,4.0,0.95,0.8415211014441091,149,0,A
1,1,0,0.0,0.7053941713892635,4.0,43823.0,3.0,0.6244840639342014,0.8359095379634596,150,0,B
1,0,1,2.0,0.3819386169535509,0.0,63174.0,1.0,0.6837215669563622,0.5775440365558122,151,0,A
1,1,0,1.0,0.32945237457273396,0.0,85260.0,4.0,0.95,0.9614025296013755,152,0,A
1,1,0,1.0,0.3797312427825635,4.0,48207.0,4.0,0.7265270647099991,0.5688676573764593,153,0,A
1,1,0,0.0,0.8034692359016034,0.0,71455.0,4.0,0.95,0.7370746231148857,154,0,B
0,0,0,1.0,0.45906234517904665,1.0,96594.0,4.0,0.95,0.8425830760700731,155,0,B
1,1,1,1.0,0.5172193011466296,0.0,74450.0,2.0,0.7831849484224345,0.5925385605968033,157,0,B
1,0,1,1.0,0.7310791528626155,1.0,74124.0,4.0,0.4069071654381272,0.28770514458138513,158,1,A
1,1,0,0.0,0.7064311206357935,4.0,40537.0,1.0,0.95,0.8370746231148858,159,0,B
1,1,1,1.0,0.4032157883056052,1.0,23102.0,5.0,1.0,0.9621668711480212,161,1,A
0,0,0,1.0,0.637392277769585,2.0,16955.0,2.0,0.550264696469702,0.5735110493655745,162,0,B
1,0,1,1.0,0.25444208090654385,1.0,13809.0,4.0,1.0,0.942583076070073,163,1,A
1,0,1,0.0,0.4169461581334398,4.0,99158.0,4.0,0.628682238803276,0.5151863031179524,168,0,B
1,0,0,2.0,0.32065076175796076,2.0,73720.0,5.0,0.95,0.8658490079305989,170,0,A
0,0,0,1.0,0.4367498946793867,4.0,97410.0,2.0,0.95,0.7133208836893647,172,0,B
1,0,0,1.0,0.32813274117803715,1.0,74472.0,2.0,0.95,0.7636669492803463,175,0,A
1,1,0,1.0,0.1693660928444708,4.0,35403.0,2.0,0.95,0.7574275664689034,176,0,A
1,1,1,1.0,0.3565861815922898,2.0,13769.0,1.0,1.0,0.7621668711480213,177,1,A
1,1,1,1.0,0.39541818973269344,0.0,26225.0,5.0,0.3185548579582753,0.3241930380202677,178,1,A
1,0,0,1.0,0.41362047920756895,3.0,24790.0,3.0,1.0,1.0,179,1,A
1,1,0,2.0,0.3503903708145988,1.0,19123.0,4.0,1.0,0.9621668711480212,180,1,A
1,1,1,0.0,0.5902887698964479,2.0,36248.0,5.0,0.95,0.7466524318503986,181,0,A
1,1,1,1.0,0.2832285454329638,3.0,89244.0,3.0,0.21579974901240356,0.32232300077379406,182,0,A
1,0,1,0.0,0.15931902482159335,0.0,80571.0,3.0,0.95,0.7549097145229615,183,0,A
1,1,1,1.0,0.464388280326035,2.0,88804.0,2.0,0.95,0.8404399911139484,184,0,A
1,0,0,0.0,0.34211842541109216,1.0,24000.0,2.0,0.95,0.8393390427938565,185,0,B
1,1,0,1.0,0.6391409733000387,0.0,74447.0,4.0,0.95,0.745660673733326,186,0,B
1,1,0,1.0,0.32239776048362695,2.0,51120.0,5.0,1.0,0.8446522466343432,187,1,A
0,0,1,0.0,0.7312067956954068,1.0,16525.0,4.0,0.7246098597609041,0.53842219019738,188,0,B
1,0,0,1.0,0.27153816643827006,2.0,77760.0,3.0,0.95,0.7582439055922502,190,0,A
1,1,0,1.0,0.28967938774584145,4.0,73596.0,4.0,0.95,0.8644031548358553,191,0,A
1,1,1,0.0,0.5645487276172748,3.0,69513.0,3.0,0.8109446367893571,0.6008664671068802,192,0,A
1,1,1,2.0,0.4918982293125803,0.0,62279.0,3.0,1.0,0.9904399911139483,193,1,A
1,0,0,1.0,0.47448397418480337,3.0,91764.0,3.0,0.95,0.8079441541679837,194,0,B
1,1,0,3.0,0.5477003130601341,4.0,57281.0,4.0,1.0,0.7693181821839283,195,1,A
1,1,1,1.0,0.04420334701778028,2.0,44184.0,3.0,0.8833255207193329,0.664400811051655,196,1,A
1,0,0,0.0,0.2672633123253737,4.0,89205.0,1.0,0.95,0.7382175148131274,197,0,A
1,1,0,3.0,0.4397616063387788,2.0,53857.0,2.0,1.0,0.8621668711480214,198,1,A
0,0,1,1.0,0.5158400194494261,0.0,16256.0,1.0,0.95,0.7079441541679836,199,0,B
1,0,0,1.0,0.5097726245298961,4.0,98137.0,2.0,0.7574312036024861,0.5793039841956316,200,0,B
1,0,0,1.0,0.8825055700509923,0.0,30557.0,5.0,0.95,0.8115816314769697,201,0,B
1,0,0,2.0,0.41245382030195377,0.0,84972.0,3.0,0.8801170372613332,0.6124007598532478,203,0,A
1,1,1,2.0,0.3369383674277353,1.0,17721.0,5.0,1.0,0.741521101444109,205,1,A
0,0,1,0.0,1.0,3.0,45822.0,5.0,0.8905855590928444,0.742583076070073,206,0,B
1,1,1,2.0,0.601588570210953,4.0,20636.0,1.0,1.0,0.8150111363073667,207,1,B
1,0,0,1.0,0.5289313134137976,3.0,91292.0,5.0,0.95,0.8060392322691089,213,0,B
1,1,1,2.0,0.3295404627607011,4.0,68277.0,2.0,1.0,0.967954487119275,214,1,A
1,1,1,2.0,0.42362177590209926,1.0,47237.0,2.0,1.0,0.9621668711480212,216,1,A
1,0,1,1.0,0.40668684366097096,3.0,41476.0,3.0,0.7805071412345332,0.5927787230031452,217,0,A
1,1,1,3.0,0.4709359798861667,1.0,22898.0,1.0,1.0,0.9651304364677958,220,1,A
1,0,0,1.0,0.6758711255294045,0.0,51035.0,2.0,0.95,0.8404399911139484,221,0,B
1,0,0,1.0,0.5201689277907428,4.0,49274.0,3.0,0.95,0.8228143240022585,222,0,B
1,1,0,3.0,0.30653412687589,3.0,46102.0,2.0,1.0,0.9549097145229615,223,1,A
1,1,1,2.0,0.4738297350090984,1.0,52875.0,4.0,0.7885737959166662,0.5781721059159631,224,1,A
1,0,1,1.0,0.6357195232580304,1.0,38399.0,1.0,0.95,0.8198136987677789,225,0,B
1,1,1,0.0,0.45259049499040493,2.0,95189.0,5.0,0.7117972066005455,0.5780721469817439,227,0,A
1,1,1,2.0,0.39397755410518775,2.0,51620.0,1.0,1.0,0.9382175148131273,228,1,A
0,0,0,1.0,0.31092581313436213,1.0,67981.0,1.0,0.95,0.9504632361937382,229,0,A
1,1,1,1.0,0.4899702925083665,3.0,31989.0,4.0,1.0,0.848588083583492,230,1,A
0,1,0,2.0,0.3713988065855319,2.0,66485.0,2.0,0.9534287061666119,0.8606283253112211,231,0,A
0,1,0,0.0,0.6816177208859268,2.0,21233.0,4.0,0.95,0.8436265806327852,232,0,B
0,1,1,2.0,0.3556367332886521,2.0,73691.0,4.0,0.95,0.9359095379634594,233,0,A
1,0,1,1.0,0.48581101316676556,3.0,90293.0,1.0,0.9469141644500496,0.9621668711480212,235,0,A
1,1,0,1.0,0.4603774378994243,3.0,85617.0,1.0,0.95,0.9485880835834919,236,0,A
0,1,0,0.0,0.7244801323869291,2.0,30014.0,2.0,0.95,0.8297184837893458,237,0,B
0,1,0,1.0,0.8009347950558239,1.0,17383.0,1.0,0.756930865143646,0.5755884774297314,238,0,B
1,1,1,3.0,0.36763381005496665,3.0,46073.0,4.0,1.0,0.8590492868121786,239,1,A
1,1,1,1.0,0.41588738090399474,0.0,76341.0,3.0,0.95,0.9466524318503986,240,0,A
1,1,1,3.0,0.3785466995268913,1.0,62436.0,4.0,1.0,0.852281557163458,241,1,A
0,0,0,1.0,0.26745109620275154,1.0,51680.0,4.0,0.95,0.7310088561026035,242,0,B
1,1,1,2.0,0.26684573546527846,1.0,98895.0,5.0,0.95,0.7531704623105664,243,0,A
0,0,0,0.0,0.41120478823522966,4.0,39500.0,2.0,0.95,0.8310088561026036,244,0,B
0,1,0,1.0,0.21610127785494804,0.0,56628.0,1.0,0.95,0.9382175148131273,245,0,A
1,1,1,2.0,0.34289885483642796,2.0,24246.0,4.0,1.0,0.7598440004171798,246,1,A
1,0,1,0.0,0.4276001707949133,3.0,74103.0,5.0,0.95,0.7485880835834919,247,0,A
1,1,0,1.0,0.2815976189515848,0.0,49883.0,1.0,0.95,0.7504632361937382,248,0,A
1,0,0,1.0,0.4155663461032675,0.0,67163.0,1.0,0.95,0.7672608377752104,249,0,A
1,0,0,1.0,0.41620512510261826,4.0,45585.0,2.0,0.95,0.8097904536879889,250,0,B
1,0,0,1.0,0.5238715775131667,1.0,52501.0,3.0,0.7056560583748716,0.5626063554759211,251,0,B
1,0,1,0.0,0.3232030515629687,3.0,89668.0,2.0,0.95,0.7644031548358552,252,0,A
1,1,0,2.0,0.593397900046716,2.0,21136.0,2.0,0.09202091368574204,0.27851581206918213,253,0,A
1,1,1,1.0,0.5005913869476891,3.0,24733.0,4.0,1.0,0.8182551695835832,254,1,B
1,1,0,1.0,0.4655030196851522,0.0,36644.0,1.0,0.7448479978895827,0.5889176355606129,255,0,A
1,1,1,1.0,0.811144497316254,0.0,29252.0,3.0,0.20775816532447944,0.2889090810743135,256,0,B
1,0,0,1.0,0.2551380975303174,3.0,30552.0,3.0,1.0,0.7925830760700731,257,1,B
1,1,0,1.0,0.20055919190709964,0.0,48026.0,2.0,0.95,0.945660673733326,258,0,A
1,1,1,3.0,0.4290842745817949,4.0,19830.0,2.0,0.75578506102488,0.5707848051196426,259,1,A
1,1,1,2.0,0.8277153411294919,0.0,49103.0,4.0,1.0,0.7133208836893647,261,1,B
0,1,0,1.0,0.5076213889600073,2.0,24890.0,4.0,0.663270400588131,0.5697419127989183,262,0,A
1,1,0,2.0,0.5049543422251577,3.0,10996.0,3.0,1.0,0.8615816314769698,263,1,B
1,1,1,1.0,0.7249674071945547,3.0,41697.0,5.0,0.95,0.7242601770970021,264,0,B
1,1,1,0.0,0.4277459463421103,3.0,12877.0,4.0,0.95,0.8582439055922503,267,0,A
1,1,1,1.0,0.15416924487809075,2.0,82285.0,3.0,0.95,0.741521101444109,268,0,A
1,1,1,1.0,0.42858728243515165,4.0,52147.0,2.0,0.6873548815073852,0.5571160024156752,269,0,A
0,1,0,1.0,0.4478081310634211,3.0,74662.0,1.0,0.95,0.7256720069416137,270,0,B
0,0,1,0.0,0.4703121913329387,0.0,44037.0,1.0,0.95,0.7097904536879888,271,0,B
0,0,0,0.0,0.3402542831734427,2.0,52193.0,4.0,0.199098256394386,0.30178085495341145,272,0,B
1,0,1,1.0,0.3308333957741297,0.0,41531.0,1.0,1.0,0.8425830760700731,273,1,A
1,1,1,2.0,0.5167405602761791,2.0,41276.0,2.0,0.7309049924266741,0.5701810356914618,274,0,A
0,1,0,0.0,0.44722400534103396,3.0,42441.0,4.0,0.9658419763923,0.8060392322691089,275,0,B
1,1,0,1.0,0.5782545088438402,2.0,49470.0,3.0,0.9577095885736042,0.8322720606544736,276,0,B
1,1,1,2.0,0.41244428776636394,0.0,16540.0,3.0,0.9812936819085668,0.9049097145229617,277,1,A
0,0,1,0.0,0.7076574275947976,3.0,62312.0,1.0,0.95,0.7079441541679836,278,0,B
0,1,0,1.0,0.33639439610405997,2.0,66055.0,4.0,0.95,0.7382175148131274,279,0,B
1,1,1,1.0,0.5739314258696967,3.0,59351.0,4.0,0.95,0.7446522466343432,280,0,A
0,1,0,2.0,0.4794691899007258,3.0,65057.0,1.0,0.7013921262108357,0.5767969223848363,281,0,A
0,1,0,0.0,0.7557746615207814,2.0,63480.0,5.0,0.7037531031824753,0.5620354689182021,282,0,B
0,1,0,1.0,0.20662200685514254,4.0,17424.0,5.0,0.95,0.7436265806327851,283,0,B
1,1,1,3.0,0.5725148504893849,1.0,17455.0,1.0,1.0,0.9504632361937382,286,1,A
1,1,1,3.0,0.45103802013065414,2.0,38873.0,4.0,1.0,0.8665590753894191,287,1,A
0,1,0,2.0,0.42241616906249385,1.0,67708.0,4.0,0.95,0.7495329850015803,288,0,A
1,1,0,2.0,0.3494071616323947,4.0,78014.0,3.0,0.95,0.8665590753894191,289,0,A
0,1,0,0.0,0.3911595409891299,2.0,74871.0,2.0,0.95,0.8557607926224791,290,0,A
1,1,1,1.0,0.38389848650564107,3.0,76194.0,2.0,0.95,0.7446522466343432,292,0,A
1,1,1,2.0,0.44245725341121467,2.0,74656.0,3.0,1.0,0.9976280631027055,294,1,A
1,1,0,1.0,0.38464452959106205,4.0,90671.0,3.0,0.95,0.9495329850015802,295,0,A
1,1,0,2.0,0.5840711853972115,0.0,25720.0,4.0,0.9753844952340074,0.8658490079305989,297,1,A
1,1,0,1.0,0.37695185243845475,4.0,98091.0,1.0,0.9721539542893941,0.9557607926224789,298,0,A
1,1,1,3.0,0.5392393027552027,1.0,10419.0,4.0,0.148620241876868,0.2742383191974036,299,1,A
1,1,1,2.0,0.3802105542098709,2.0,64997.0,4.0,1.0,0.9598440004171798,300,1,A
1,1,0,1.0,0.7349103621693285,2.0,79888.0,5.0,0.95,0.7182551695835832,301,0,B
1,1,1,3.0,0.14678708948616115,1.0,52183.0,4.0,1.0,0.8495329850015804,302,1,A
1,1,0,0.0,0.6005871802929548,4.0,73857.0,2.0,0.95,0.8079441541679837,303,0,B
1,1,1,2.0,0.3396899083631865,4.0,87616.0,5.0,0.95,0.942583076070073,304,0,A
1,0,1,1.0,0.32241981988897556,2.0,20195.0,1.0,1.0,0.8456606737333261,305,1,A
1,1,0,2.0,0.23632545372397523,0.0,35668.0,4.0,0.8364377313274325,0.58546430439981,306,1,A
0,1,0,2.0,0.5423501937959944,2.0,77677.0,1.0,0.95,0.7370746231148857,308,0,A
0,1,1,1.0,1.0,4.0,21284.0,5.0,0.95,0.7242601770970021,309,0,B
1,1,0,3.0,0.2471235137463159,2.0,58918.0,5.0,1.0,0.8686402088686925,310,1,A
1,1,1,1.0,0.5120524383687567,1.0,70370.0,1.0,0.95,0.8456606737333261,311,0,A
1,1,0,1.0,0.5334880068244858,1.0,15799.0,2.0,1.0,0.8310088561026036,312,1,B
0,1,1,0.0,0.3721794083436084,3.0,70325.0,3.0,0.95,0.869988580219816,314,0,A
1,1,1,1.0,0.4062621195245033,1.0,28958.0,4.0,1.0,0.9476280631027054,315,1,A
0,1,0,2.0,0.6015742528714213,2.0,65381.0,4.0,0.95,0.942583076070073,316,0,A
1,1,1,3.0,0.3269780362446246,4.0,27261.0,4.0,1.0,0.9370746231148857,318,1,A
1,1,0,1.0,0.40424561665460396,0.0,79817.0,3.0,0.95,0.8466524318503987,319,0,A
0,0,1,1.0,0.6217950225577189,2.0,85997.0,1.0,0.95,0.8256720069416138,320,0,B
1,1,0,1.0,0.3545123268166004,2.0,48704.0,4.0,0.78055971723349,0.6120895132504799,321,0,A
1,1,1,2.0,0.32430537635019746,3.0,98247.0,3.0,0.7667216054354915,0.599062871906483,322,0,A
1,1,1,2.0,0.5057967990796572,0.0,68017.0,2.0,0.95,0.7495329850015803,324,0,A
1,1,1,1.0,0.40639091545931616,4.0,71670.0,4.0,0.18012207104005556,0.3166646844147222,325,0,A
1,1,0,0.0,0.8608267527442492,1.0,37342.0,3.0,0.95,0.7133208836893647,327,0,B
1,0,0,0.0,0.40121305312436173,2.0,85069.0,5.0,0.95,0.7133208836893647,328,0,B
1,1,1,3.0,0.35931457905564396,0.0,28385.0,1.0,1.0,0.9522815571634579,329,1,A
1,1,1,3.0,0.361995992462161,3.0,12473.0,1.0,1.0,0.8614025296013756,330,1,A
0,1,1,1.0,0.5345456135002243,1.0,96267.0,2.0,0.95,0.7574275664689034,331,0,A
1,1,0,1.0,0.24007445540217368,2.0,57237.0,3.0,0.95,0.8370746231148858,332,0,A
1,1,0,1.0,0.5157199794890783,2.0,13735.0,4.0,0.1573083804892026,0.2844740713102187,333,1,A
1,1,0,1.0,0.4671505764206335,4.0,44446.0,5.0,0.6357733563341325,0.5354504906895854,334,0,B
1,1,0,0.0,0.6589557425384076,1.0,79582.0,2.0,0.7958455091678688,0.5780138298473627,336,0,B
1,0,0,2.0,0.6770914774336803,4.0,88518.0,3.0,0.73296915076275,0.5992939000646802,338,0,A
1,1,1,2.0,0.4382469675380377,1.0,46258.0,4.0,1.0,0.7370746231148857,340,1,A
1,1,0,0.0,0.3165100285920048,2.0,56111.0,5.0,0.95,0.8574275664689035,341,0,A
1,1,1,0.0,0.37853859450053934,4.0,50701.0,5.0,0.6720293310313434,0.5787756704574243,342,0,A
1,1,0,1.0,0.5525656867650073,4.0,74331.0,4.0,0.95,0.9404399911139483,344,0,A
1,1,1,0.0,0.5215213170954327,1.0,76496.0,2.0,0.95,0.945660673733326,348,0,A
0,1,1,1.0,0.3013029896094883,4.0,94305.0,2.0,0.95,0.967954487119275,349,0,A
1,1,1,1.0,0.4594894415881472,3.0,26893.0,2.0,1.0,0.7404399911139483,352,1,B
0,0,0,0.0,0.4567488234296757,3.0,72759.0,1.0,0.6591597133460678,0.5424663977931661,353,0,B
1,1,1,0.0,0.3704563487306176,1.0,88860.0,5.0,0.95,0.8621668711480214,355,0,A
1,1,0,0.0,0.54661820973714,2.0,37276.0,4.0,0.95,0.8322720606544736,357,0,B
1,0,0,1.0,0.6250897975372223,0.0,81149.0,4.0,0.95,0.7322720606544735,358,0,B
1,1,0,3.0,0.4537593916121927,3.0,85375.0,2.0,0.9321426562212529,0.5930159592141757,359,1,A
1,0,1,2.0,0.3671964703976575,2.0,23303.0,5.0,1.0,0.8557607926224791,360,1,A
1,1,0,2.0,0.4526939440690151,0.0,45761.0,4.0,0.9678285958088706,0.852281557163458,361,1,A
1,1,1,3.0,0.5061233443187976,3.0,54843.0,2.0,0.9740533037842789,0.7590492868121785,362,1,A
1,0,1,1.0,0.32144285876398865,4.0,35249.0,4.0,0.95,0.8079441541679837,363,0,B
1,1,1,1.0,0.5080718232320502,0.0,91244.0,4.0,0.9223868141431244,0.6139976014063953,364,1,A
1,1,0,2.0,0.4440659945726657,3.0,30012.0,2.0,1.0,0.8557607926224791,365,1,A
1,1,1,2.0,0.3268648376054691,4.0,53392.0,2.0,1.0,0.9636669492803462,367,1,A
1,1,1,2.0,0.3104894095820582,4.0,68214.0,3.0,0.7752395288219427,0.625815764238833,368,1,A
1,1,1,0.0,0.4189656482884339,0.0,57227.0,3.0,0.6349792214048213,0.5188146501108113,369,0,B
1,0,1,0.0,0.3174691675832227,0.0,97771.0,4.0,0.95,0.8557607926224791,370,0,A
1,1,1,3.0,0.39467902532940097,2.0,53841.0,2.0,0.7399941274010362,0.5660475250324895,371,1,A
1,0,1,1.0,0.35177946279355526,3.0,72937.0,5.0,0.95,0.8590492868121786,372,0,A
1,1,1,2.0,0.44127808229908616,2.0,28040.0,3.0,1.0,0.9144031548358553,374,1,A
1,1,1,1.0,0.38978402662675576,1.0,61950.0,1.0,1.0,0.966559075389419,375,1,A
1,1,1,2.0,0.27314643931962634,2.0,54979.0,4.0,0.95,0.7436265806327851,376,0,A
1,1,0,2.0,0.7771183117560023,0.0,11349.0,2.0,0.7358632473580936,0.5493855548402131,377,1,B
1,1,1,3.0,0.5903470045418591,1.0,25861.0,1.0,1.0,0.8574275664689035,380,1,A
1,0,0,1.0,0.38844599366915056,3.0,72748.0,2.0,0.7698544668875331,0.587477441510369,381,0,B
0,0,1,0.0,0.3152758733500721,2.0,35145.0,3.0,0.95,0.7504632361937382,384,0,A
1,1,1,1.0,0.362693355649499,0.0,48202.0,2.0,1.0,0.9629215980804329,385,1,A
0,1,0,0.0,0.5443240658725021,3.0,88023.0,1.0,0.95,0.8335092178866377,386,0,B
1,1,1,1.0,0.68126295189997,4.0,17848.0,1.0,0.7663489341126356,0.5574877563038637,387,1,A
1,1,0,2.0,0.45877647633225865,4.0,90495.0,3.0,0.95,0.9590492868121785,388,0,A
1,1,1,1.0,0.406466769862701,0.0,20747.0,4.0,0.8977167101241791,0.6133642998494322,389,1,A
0,1,1,2.0,0.47922289763583825,2.0,33451.0,2.0,0.8289620537568256,0.6062716921971207,390,0,A
1,1,0,1.0,0.4783686446041703,1.0,69630.0,2.0,0.95,0.7582439055922502,391,0,A
1,0,1,0.0,0.7388234933962565,4.0,58662.0,1.0,0.95,0.7382175148131274,392,0,B
0,0,1,2.0,0.38665937212777174,3.0,43827.0,5.0,0.95,0.741521101444109,394,0,A
1,1,1,2.0,0.3133806435785054,1.0,47547.0,2.0,1.0,0.8513792845215856,396,1,A
1,1,1,0.0,0.34622596993203336,3.0,33274.0,1.0,0.11630583928970668,0.291412853231021,397,0,A
0,1,0,1.0,0.7194356504165371,3.0,96298.0,3.0,0.95,0.7283997493862192,400,0,B
1,1,1,0.0,0.7319280405662992,1.0,64771.0,1.0,0.95,0.7310088561026035,401,0,B
1,0,0,2.0,0.5375811596690924,4.0,35776.0,4.0,0.95,0.8531704623105665,402,0,A
1,1,1,0.0,0.3944914503599095,4.0,95996.0,2.0,0.95,0.7590492868121785,403,0,A
1,1,1,1.0,0.3543455621687514,4.0,93757.0,1.0,0.09622739748958857,0.29052065109727526,404,0,A
1,1,1,1.0,0.5756429365732849,3.0,81036.0,1.0,0.2206231315734169,0.3498271483407175,408,0,A
0,1,0,0.0,0.6961598913712865,4.0,41272.0,4.0,0.6448301632870086,0.5381675327754483,409,0,B
1,1,0,1.0,0.5768629865902212,3.0,85803.0,3.0,0.95,0.7485880835834919,410,0,A
0,1,0,1.0,0.6037144140236875,0.0,85310.0,1.0,0.8266270602158875,0.6228321184819461,411,0,A
1,1,1,2.0,0.43765521174083244,1.0,12247.0,2.0,1.0,0.8531704623105665,412,1,A
0,1,0,1.0,0.7194290001216977,0.0,59797.0,4.0,0.95,0.8198136987677789,413,0,B
1,1,1,2.0,0.43468141685039363,1.0,90186.0,1.0,1.0,0.943626580632785,414,1,A
0,1,0,2.0,0.37242993784479755,0.0,30849.0,4.0,0.7246590092366512,0.587307417293957,415,0,A
0,1,0,0.0,0.32954921047572294,1.0,41520.0,1.0,0.95,0.9446522466343431,416,0,A
1,1,1,1.0,0.3823704605732837,1.0,99304.0,3.0,0.95,0.766559075389419,417,0,A
1,1,1,1.0,0.22378939483327343,2.0,59734.0,4.0,0.7646503549200571,0.5848350975899654,418,0,A
1,1,1,1.0,0.5968657108305747,0.0,91841.0,5.0,0.95,0.8270513780350958,419,0,B
1,1,1,1.0,0.6039626940479581,1.0,58268.0,5.0,1.0,0.7549097145229615,420,1,A
1,0,0,0.0,0.6533812081697883,2.0,93765.0,1.0,0.95,0.742583076070073,421,0,B
0,0,0,1.0,0.7629665650089271,3.0,22492.0,4.0,0.95,0.8456606737333261,423,0,B
0,1,0,2.0,0.3609513841699405,3.0,46047.0,3.0,0.95,0.9466524318503986,424,0,A
1,0,0,0.0,0.5971268432117017,3.0,76725.0,5.0,0.95,0.7198136987677788,425,0,B
1,1,0,1.0,0.4079308355185262,4.0,68645.0,2.0,0.7177119385457178,0.5685310963768426,426,0,A
1,1,0,0.0,0.39395608633314244,1.0,39232.0,3.0,0.8104035310794906,0.6067091429073391,427,0,A
1,1,1,3.0,0.41031479835827017,1.0,66904.0,3.0,1.0,0.9172608377752105,428,1,A
1,1,0,0.0,0.2750167420988403,3.0,76047.0,2.0,0.059763165556247375,0.2919782364790528,429,0,A
1,1,0,0.0,0.30722585340320085,2.0,62600.0,1.0,0.7875557238843207,0.6070275097877751,431,0,A
0,1,0,0.0,0.6114676710653318,2.0,23318.0,4.0,0.95,0.7270513780350957,432,0,B
1,1,0,3.0,0.49088996306906174,1.0,33651.0,2.0,1.0,0.8582439055922503,434,1,A
0,0,0,2.0,0.5151139631185517,0.0,78529.0,2.0,0.7768084930975505,0.6078865483464451,435,0,A
1,1,0,2.0,0.3661945097561308,4.0,74549.0,4.0,0.95,0.8404399911139484,437,0,A
1,1,1,0.0,0.4915377732964544,4.0,61651.0,2.0,0.95,0.7582439055922502,438,0,A
1,0,0,2.0,0.3504599869429135,2.0,44302.0,2.0,0.05605448874210853,0.299077184397843,440,0,A
1,1,1,0.0,0.5045244209759897,3.0,50315.0,1.0,0.95,0.7382175148131274,441,0,A
1,0,1,2.0,0.33837231999931905,3.0,68953.0,5.0,0.95,0.9393390427938564,443,0,A
1,0,0,1.0,0.6133191299532087,2.0,77543.0,2.0,0.95,0.7446522466343432,444,0,B
0,0,0,1.0,0.6182608593280561,2.0,13175.0,5.0,0.8160225434065536,0.5895252468113118,445,0,B
1,1,1,3.0,0.3690041742993588,4.0,34398.0,1.0,1.0,0.8495329850015804,446,1,A
1,1,0,1.0,0.2456055002472634,4.0,67513.0,1.0,0.7133863020514681,0.5934190454512956,448,0,A
1,0,0,0.0,0.3105645413197705,1.0,37531.0,5.0,0.95,0.767954487119275,450,0,A
1,1,1,0.0,0.42283452228637125,4.0,98268.0,1.0,0.14932138264063866,0.32271801287262447,451,0,A
1,1,1,1.0,0.40733507577288136,0.0,21809.0,3.0,0.21981430669038243,0.3558540065300763,452,1,A
1,1,1,2.0,0.2711402124343757,1.0,37788.0,1.0,1.0,0.9672608377752103,454,1,A
1,1,1,2.0,0.5102405706243928,0.0,64046.0,2.0,0.95,0.8415211014441091,455,0,A
0,1,1,1.0,0.40366392198380513,1.0,65549.0,5.0,0.95,0.8425830760700731,456,0,A
1,1,1,1.0,0.35672916886543726,3.0,32935.0,1.0,1.0,0.7531704623105664,457,1,A
0,1,1,1.0,0.8173064743974146,0.0,18781.0,3.0,1.0,0.7882175148131274,458,1,B
1,1,1,3.0,0.5599251197625359,1.0,59840.0,5.0,1.0,0.8636669492803464,460,1,A
0,1,1,1.0,0.5067816337274724,3.0,82331.0,2.0,1.0,0.8436265806327852,461,1,A
1,1,0,1.0,0.35015145070406173,4.0,85218.0,2.0,0.95,0.8686402088686925,462,0,A
1,0,0,1.0,0.38632268942875936,0.0,91689.0,1.0,0.15406271006877237,0.323385684168653,463,0,A
1,1,1,2.0,0.40035023983750456,2.0,26327.0,5.0,1.0,0.7370746231148857,464,1,A
1,1,0,1.0,0.3660147687212155,3.0,11006.0,1.0,0.09924555723882698,0.2675879911739066,465,0,B
1,1,0,2.0,0.3840244234051122,4.0,13825.0,5.0,1.0,0.8213327672468362,466,1,B
1,0,1,1.0,0.6135481094520295,3.0,72700.0,4.0,0.7948267868676804,0.566768919749669,467,0,B
1,0,1,1.0,0.5024190013731142,2.0,31510.0,4.0,1.0,0.8359095379634596,468,1,A
1,0,1,2.0,0.3674721403575643,0.0,18817.0,5.0,1.0,0.8466524318503987,470,1,A
1,0,0,0.0,0.4665338281219598,4.0,77173.0,3.0,0.95,0.9557607926224789,472,0,A
1,1,0,2.0,0.3846585677381444,2.0,51854.0,2.0,0.8332750893158053,0.6190289170705772,475,0,A
0,1,0,2.0,0.4525248879858139,4.0,84379.0,5.0,0.834548445962543,0.556697301035599,477,1,B
1,0,0,1.0,0.3999145088286137,0.0,49678.0,1.0,0.7293729611996971,0.5580720654569112,479,0,B
1,0,0,2.0,0.6815561077289314,4.0,55431.0,3.0,1.0,0.791521101444109,480,1,B
1,1,0,1.0,0.5355806830591808,3.0,24314.0,1.0,0.95,0.9415211014441089,482,0,A
1,1,0,2.0,0.3782855430178989,2.0,83632.0,3.0,0.95,0.9522815571634579,483,0,A
1,0,1,0.0,0.9434623148034318,4.0,28514.0,4.0,0.95,0.8297184837893458,484,0,B
1,1,0,2.0,0.35514260056954294,1.0,54223.0,2.0,0.95,0.7582439055922502,485,0,A
1,1,0,0.0,0.5404677310631809,2.0,63201.0,2.0,0.95,0.7166550747586534,486,0,B
1,1,1,1.0,0.46546407548250435,2.0,11599.0,2.0,1.0,0.9598440004171798,487,1,A
0,0,1,2.0,0.32753918146347555,1.0,72781.0,5.0,0.95,0.8404399911139484,488,0,A
0,1,1,0.0,0.5480431940780272,0.0,84883.0,1.0,0.95,0.7504632361937382,490,0,A
1,0,0,1.0,0.7387464205038066,4.0,34388.0,1.0,0.95,0.8228143240022585,491,0,B
1,1,0,1.0,0.7675866919044325,0.0,96161.0,1.0,0.95,0.7297184837893457,492,0,B
1,0,0,1.0,0.37929455172990717,0.0,63367.0,3.0,0.95,0.865130436467796,493,0,A
1,1,0,0.0,0.634071222053624,1.0,88409.0,1.0,0.7132668914803196,0.5405616989210655,494,0,B
0,1,1,0.0,0.3936848456646628,1.0,55026.0,5.0,0.95,0.7436265806327851,496,0,A
1,0,1,2.0,0.575441915886285,1.0,36347.0,5.0,1.0,0.8693181821839284,497,1,A
1,0,0,2.0,0.49829280800441006,4.0,75471.0,4.0,0.5902717990039209,0.33498090143371406,498,0,A
1,1,0,2.0,0.23248660201169347,2.0,76590.0,1.0,0.6245602316328576,0.7359095379634595,499,0,A
1,1,1,1.0,0.38116493371306254,2.0,29988.0,4.0,1.0,0.7359095379634595,502,1,A
1,1,0,2.0,0.37549444408941457,1.0,85446.0,4.0,0.95,0.9476280631027054,503,0,A
1,1,0,1.0,0.3258286809520596,1.0,56404.0,2.0,0.17556257048764212,0.3335177790768914,504,0,A
1,0,0,3.0,0.48564804160238617,1.0,21749.0,4.0,1.0,0.9504632361937382,505,1,A
1,1,0,0.0,0.5397537855115355,1.0,33414.0,3.0,0.95,0.7198136987677788,506,0,B
1,1,1,1.0,0.25520588660391486,3.0,79727.0,5.0,0.95,0.9513792845215855,507,0,A
1,1,1,3.0,0.3629573107302434,1.0,15987.0,2.0,1.0,0.9370746231148857,508,1,A
1,0,1,3.0,0.46275164430720833,3.0,39194.0,3.0,0.9686547491295705,1.0,509,1,A
1,1,1,1.0,0.520378438412449,4.0,84700.0,3.0,0.95,0.9415211014441089,510,0,A
1,1,0,3.0,0.3008538880799362,0.0,28538.0,3.0,0.9511061847249157,0.6709179244946373,512,1,A
1,1,1,0.0,0.31698969425113094,2.0,69967.0,3.0,0.8047635267781961,0.601081304667802,513,0,A
1,1,0,0.0,0.3025095474290067,3.0,89910.0,5.0,0.95,0.7614025296013756,516,0,A
0,0,0,0.0,0.44035345797200737,1.0,13806.0,2.0,0.95,0.8672608377752105,517,0,A
1,1,0,0.0,0.20934422988883292,3.0,43940.0,5.0,0.95,0.7540463902758355,518,0,A
1,1,1,1.0,0.47639284823853256,0.0,16179.0,1.0,0.7626260659216074,0.5614158828791878,519,1,A
1,1,1,1.0,0.2670217927786265,0.0,74748.0,1.0,1.0,0.7699885802198159,520,1,A
1,1,0,0.0,0.30569297895457453,0.0,80723.0,2.0,0.7102720237140235,0.580363164277665,521,0,A
1,1,1,1.0,0.5486937916170449,2.0,84349.0,2.0,0.95,0.8150111363073667,522,0,B
1,1,0,0.0,0.45970347289596003,3.0,93598.0,4.0,0.95,0.8621668711480214,524,0,A
1,1,1,3.0,0.29441853393792794,4.0,24669.0,1.0,1.0,0.8436265806327852,525,1,A
1,1,1,2.0,0.2620047158225002,1.0,10279.0,1.0,1.0,0.8393390427938565,526,1,A
1,1,1,1.0,0.4877919210986616,4.0,37106.0,5.0,0.7918155909199331,0.5839472068773555,527,1,A
1,0,1,2.0,0.3699670918626083,3.0,85963.0,5.0,0.95,0.7651304364677959,529,0,A
1,1,0,2.0,0.32321463563079433,2.0,63166.0,3.0,1.0,1.0,530,1,A
1,1,0,1.0,0.22075807064614894,2.0,80076.0,3.0,1.0,0.9893390427938564,531,1,A
1,1,0,1.0,0.8931405329382935,2.0,66622.0,4.0,0.8294740311194304,0.6042822004497774,532,0,B
0,1,0,1.0,0.5606223959495522,0.0,40267.0,3.0,1.0,0.7666550747586535,533,1,B
1,1,1,1.0,0.7045552238984802,4.0,52072.0,3.0,0.8175896586309721,0.5961864355527511,535,0,B
1,1,1,0.0,0.4896845928221603,4.0,72185.0,5.0,0.95,0.8658490079305989,537,0,A
0,1,0,1.0,0.5491557855924616,2.0,60006.0,4.0,0.95,0.7436265806327851,538,0,B
1,0,0,1.0,0.481364314222246,4.0,80837.0,2.0,0.6548567574019275,0.5485316503354639,539,0,B
0,1,0,2.0,0.4501656329183975,1.0,93649.0,1.0,0.95,0.8466524318503987,540,0,A
1,1,1,0.0,0.4388172029739589,2.0,76137.0,5.0,0.95,0.7495329850015803,541,0,A
1,1,1,0.0,0.5191769298294391,4.0,72168.0,3.0,0.08527529739025667,0.30922279808576947,542,0,A
1,1,1,3.0,0.3682211745053574,4.0,65289.0,4.0,0.871980669574649,0.6095157989528275,543,1,A
1,0,1,2.0,0.4675284418280732,2.0,26310.0,1.0,1.0,0.7228143240022584,544,1,B
1,1,1,0.0,0.4422714684067426,4.0,71589.0,4.0,0.95,0.8404399911139484,545,0,A
1,1,1,2.0,0.38822294755359343,2.0,18688.0,1.0,1.0,0.741521101444109,546,1,A
0,1,0,2.0,0.40288027872337295,3.0,43522.0,5.0,0.77340158504363,0.6142813132882994,547,0,A
0,0,0,0.0,0.5696019013281763,1.0,65137.0,3.0,0.95,0.8213327672468362,552,0,B
1,1,1,0.0,0.41504179234264965,4.0,40241.0,4.0,0.95,0.7549097145229615,553,0,A
1,1,0,3.0,0.2663579265785879,2.0,40207.0,3.0,1.0,0.9985880835834919,554,1,A
1,1,1,1.0,0.26580723155264574,1.0,36122.0,4.0,0.8125834644869214,0.5744357130794024,555,1,A
1,0,0,0.0,0.33866719081958735,4.0,94641.0,3.0,0.95,0.9415211014441089,556,0,A
1,1,1,2.0,0.533945950817251,3.0,13928.0,4.0,1.0,0.755760792622479,557,1,A
1,1,0,0.0,0.3784156162005724,1.0,95539.0,2.0,0.95,0.9370746231148857,558,0,A
1,1,1,2.0,0.34674117184642866,1.0,39133.0,3.0,1.0,0.9074275664689035,559,1,A
1,1,0,3.0,0.37857903425555556,3.0,18997.0,3.0,0.8733586413207466,0.6446356554989294,560,1,A
1,1,1,1.0,0.17326671800509735,2.0,40785.0,3.0,1.0,0.8995329850015804,561,1,A
1,1,1,1.0,0.3738795455563829,0.0,15733.0,2.0,1.0,0.7598440004171798,562,1,A
1,0,0,2.0,0.5512172480267371,4.0,64387.0,1.0,0.95,0.8513792845215856,564,0,A
1,1,0,3.0,0.5082789443746263,0.0,39713.0,4.0,1.0,0.8636669492803464,565,1,A
1,0,1,2.0,0.3521027633630109,2.0,69754.0,3.0,0.95,0.8686402088686925,566,0,A
1,1,1,3.0,0.3142969986447157,2.0,62989.0,2.0,1.0,0.8582439055922503,567,1,A
0,0,1,0.0,0.2150535356584545,4.0,65638.0,1.0,0.95,0.7644031548358552,568,0,A
0,0,0,1.0,0.6219094071901268,4.0,75241.0,5.0,0.6901783038969832,0.5336351226460647,569,0,B
1,0,0,3.0,0.41341642858125377,4.0,32643.0,3.0,1.0,0.915130436467796,570,1,A
1,1,1,1.0,0.4290151174995931,3.0,36216.0,5.0,1.0,0.9370746231148857,571,1,A
1,0,0,1.0,0.46503735840718075,4.0,25819.0,4.0,0.95,0.8115816314769697,572,0,B
1,1,0,0.0,0.47026832149974135,4.0,46521.0,4.0,0.8088225040200752,0.6166960380182012,574,0,A
1,0,0,0.0,0.7215131772813013,0.0,84061.0,2.0,0.95,0.8297184837893458,576,0,B
1,1,1,2.0,0.5099361567827682,1.0,42409.0,2.0,0.9188052704302117,0.6111048173228018,577,1,A
1,0,1,0.0,0.46937206281525223,3.0,53691.0,5.0,0.95,0.7446522466343432,578,0,A
1,0,0,1.0,0.8238518547140908,2.0,91544.0,1.0,0.6802853903142781,0.554995155057743,579,0,B
1,1,1,2.0,0.458205942656715,0.0,77819.0,4.0,0.95,0.9446522466343431,580,0,A
1,1,0,0.0,0.6903773761848714,1.0,32302.0,5.0,0.8849972351668397,0.5870411621529037,581,0,B
1,1,1,0.0,0.4530258246012577,1.0,63727.0,4.0,0.8926099539837146,0.8359095379634596,582,0,A
1,0,0,0.0,0.4112199035300721,4.0,43944.0,3.0,0.7601679162612578,0.5935136110721155,584,0,A
1,1,1,2.0,0.08772380684204034,1.0,57046.0,3.0,1.0,0.8090492868121786,586,1,A
1,1,0,0.0,0.25240013008683304,3.0,46507.0,2.0,0.6636649274755786,0.5777664275230199,587,0,A
1,1,0,0.0,0.5634385896515899,3.0,66151.0,1.0,0.95,0.8425830760700731,588,0,B
1,1,1,3.0,0.47109490052973446,3.0,62403.0,1.0,1.0,0.9466524318503986,589,1,A
0,1,0,1.0,0.684294349558949,2.0,36748.0,2.0,0.658626459886573,0.5551710140360449,590,0,B
1,0,1,2.0,0.4395778520997856,2.0,80596.0,4.0,0.16452471123136914,0.32340670018158935,591,0,A
1,0,0,0.0,0.2986340401685164,0.0,60641.0,4.0,0.95,0.9404399911139483,592,0,A
1,1,1,2.0,0.38924024476752195,4.0,60002.0,2.0,1.0,0.760628325311221,594,1,A
1,1,1,2.0,0.4881851321030291,1.0,50414.0,1.0,1.0,0.8540463902758356,595,1,A
1,1,0,0.0,0.3047962046478173,3.0,75327.0,2.0,0.7718883598601374,0.6116969444258371,596,0,A
1,1,0,3.0,0.5271683130599389,0.0,26953.0,3.0,1.0,0.8158490079305989,597,1,A
1,0,1,1.0,0.19094312764628177,4.0,86468.0,4.0,0.95905,0.8446522466343432,598,0,A
1,0,0,0.0,0.63485342920843,2.0,40425.0,1.0,0.6750327858623862,0.5254539899266994,601,0,B
0,0,0,0.0,0.4819868289284252,4.0,19344.0,4.0,0.941855,0.7636669492803463,603,0,A
1,1,1,1.0,0.7208785075855275,1.0,89194.0,5.0,0.95,0.9549097145229615,604,0,A
1,1,1,2.0,0.36908219885331256,2.0,44556.0,1.0,1.0,0.9393390427938564,605,1,A
0,1,1,3.0,0.46183110016544415,2.0,39144.0,1.0,1.0,0.9699885802198158,606,1,A
1,1,1,1.0,0.42096885909860915,3.0,16346.0,3.0,1.0,0.9144031548358553,608,1,A
1,0,1,3.0,0.4968984939909919,0.0,26299.0,5.0,0.8727610958178184,0.6008747190211811,609,1,A
1,1,1,3.0,0.459216992358223,3.0,12101.0,2.0,1.0,0.8359095379634596,610,1,A
1,1,1,1.0,0.48627350856820156,3.0,44631.0,3.0,1.0,0.8121668711480213,611,1,A
1,0,1,1.0,1.0,3.0,86118.0,2.0,0.95,0.8359095379634596,612,0,B
1,1,0,2.0,0.4012875428656997,1.0,26814.0,4.0,0.9173521417735561,0.609738627533647,615,1,A
1,1,0,2.0,0.4288678028743848,3.0,19302.0,3.0,1.0,0.8870746231148858,617,1,B
0,0,0,0.0,0.5786146877509806,4.0,66000.0,1.0,0.95,0.7297184837893457,618,0,B
1,1,0,2.0,0.45308998526854094,3.0,76062.0,4.0,0.6750385888165604,0.5819147314808233,620,0,A
0,1,0,1.0,0.48556383183546287,2.0,71281.0,5.0,0.95,0.7522815571634579,621,0,A
1,1,1,1.0,0.4458947322480585,2.0,49654.0,3.0,0.8321581945790306,0.6404082509961881,623,1,A
1,0,0,2.0,0.38641415949498137,4.0,12301.0,4.0,1.0,0.9446522466343431,625,1,A
1,1,1,2.0,0.248591534787456,2.0,31724.0,4.0,0.95,0.7614025296013756,626,0,A
1,1,0,1.0,0.4474749702983227,1.0,87771.0,5.0,0.03160808191220575,0.2472967485759202,628,0,B
0,1,1,2.0,0.44147796340163126,0.0,83115.0,5.0,0.95,0.8404399911139484,629,0,A
1,1,1,2.0,0.361325899369036,0.0,92784.0,5.0,0.7731769509916134,0.588474186741593,630,0,A
1,0,1,0.0,0.6568317815289334,1.0,96271.0,2.0,0.8056141954672218,0.5864027424295122,631,0,B
1,1,1,2.0,0.4000604142504713,4.0,88871.0,1.0,0.95,0.7621668711480213,632,0,A
1,1,1,0.0,0.21506720510322638,0.0,76721.0,4.0,0.95,0.8466524318503987,633,0,A
1,0,0,1.0,0.37473151035887703,0.0,55269.0,5.0,0.95,0.8549097145229616,634,0,A
0,1,0,1.0,0.7390517567851155,0.0,27619.0,2.0,0.95,0.7060392322691088,636,0,B
1,1,0,1.0,0.3590419077003423,0.0,38355.0,5.0,1.0,0.9415211014441089,637,1,A
1,1,0,1.0,0.3909858673011091,4.0,64074.0,2.0,0.95,0.852281557163458,639,0,A
1,1,0,0.0,0.48080015249942465,0.0,47915.0,2.0,0.95,0.7565999671409633,640,0,A
1,0,0,1.0,0.4397336343476479,2.0,89876.0,4.0,0.6778229237796299,0.5749468442748522,642,0,A
1,0,1,1.0,0.4928906873156198,4.0,82108.0,3.0,0.7031400031290604,0.5888635990191511,643,0,A
0,0,0,0.0,0.4650992424822503,3.0,26683.0,5.0,0.95,0.7256720069416137,644,0,B
1,0,0,1.0,0.5091987138108948,1.0,96422.0,3.0,0.95,0.7672608377752104,645,0,A
1,1,1,0.0,0.36412277165469803,1.0,85779.0,2.0,0.95,0.8549097145229616,646,0,A
1,1,0,2.0,0.48501479656942836,2.0,85804.0,5.0,0.95,0.7382175148131274,648,0,A
1,1,1,0.0,0.4548108188566151,0.0,91375.0,5.0,0.95,0.943626580632785,649,0,A
1,1,0,1.0,0.4092516725194726,2.0,12126.0,2.0,0.7555184425627698,0.5760586876046861,650,1,A
1,0,1,1.0,0.3555936438338125,3.0,26005.0,5.0,1.0,0.9644031548358551,651,1,A
1,1,0,3.0,0.37747813793889995,4.0,57040.0,4.0,1.0,0.9629215980804329,652,1,A
0,0,1,0.0,0.3228653301607041,3.0,27770.0,5.0,0.9623305,0.766559075389419,653,0,A
1,1,1,0.0,0.3071227308067399,4.0,87470.0,5.0,0.95,0.7531704623105664,654,0,A
1,0,0,1.0,0.7809338532271742,2.0,53507.0,5.0,1.0,0.8456606737333261,657,1,B
1,1,1,2.0,0.37208810059060576,3.0,51726.0,2.0,1.0,0.7504632361937382,658,1,A
1,0,0,1.0,0.41023707890627054,3.0,46934.0,5.0,0.93890255,0.755760792622479,659,0,A
1,1,0,0.0,0.9524124901551235,2.0,93890.0,5.0,0.95,0.7370746231148857,660,0,B
1,0,1,0.0,0.3086420104778413,4.0,21343.0,3.0,0.95,0.9446522466343431,663,0,A
1,1,0,3.0,0.4649632195033585,1.0,53948.0,2.0,1.0,0.8621668711480214,664,1,A
0,1,1,1.0,0.27427623122145206,2.0,84727.0,1.0,0.95,0.8672608377752105,665,0,A
1,1,1,0.0,0.4663270662758907,1.0,73943.0,2.0,0.95,0.8476280631027056,666,0,A
1,1,1,1.0,0.33069359154164535,3.0,79970.0,3.0,0.95,0.8446522466343432,667,0,A
1,1,1,2.0,0.12087643818535299,0.0,47601.0,3.0,1.0,0.795660673733326,668,1,A
1,1,0,2.0,0.36753589848544066,4.0,16545.0,2.0,0.7690648731624731,0.5688899242593083,670,1,A
1,1,1,1.0,0.763108090354131,0.0,63057.0,5.0,0.811239976169727,0.6040326665842441,671,0,B
1,1,1,1.0,0.30250281423214476,0.0,52054.0,1.0,0.7546630851091947,0.5772479334633571,672,1,A
1,0,0,1.0,0.7172739864223694,0.0,93620.0,3.0,0.95,0.7322720606544735,673,0,B
1,0,1,1.0,0.6940254214217321,0.0,28554.0,3.0,0.11222602910258174,0.2891077998447228,674,0,B
0,0,0,1.0,0.5381522551040842,4.0,36252.0,2.0,0.8216997256955925,0.5871819246502915,675,0,B
1,1,1,3.0,0.47450623786324136,3.0,47176.0,2.0,1.0,0.8513792845215856,677,1,A
1,0,1,3.0,0.42568513984388057,1.0,11686.0,1.0,1.0,0.8606283253112211,679,1,A
1,1,1,3.0,0.5700495071365935,0.0,55545.0,2.0,1.0,0.8679544871192751,680,1,A
1,0,1,0.0,0.4635670369753917,1.0,63630.0,2.0,0.95,0.8297184837893458,682,0,B
0,0,0,0.0,0.3902905777835003,0.0,50418.0,5.0,0.95,0.8097904536879889,683,0,B
1,1,1,1.0,0.375749998325696,4.0,61304.0,1.0,0.8170840580364456,0.6037517980437188,684,0,A
1,1,1,1.0,0.5459397270329188,1.0,44021.0,5.0,0.95,0.8198136987677789,685,0,B
0,1,1,0.0,0.44340999311778323,4.0,35709.0,5.0,0.14045578768938638,0.2855364856930351,686,0,B
1,1,1,3.0,0.5061920875644891,1.0,20311.0,1.0,1.0,0.8504632361937383,688,1,A
1,0,0,1.0,0.36732948225023104,1.0,65758.0,3.0,0.95,0.755760792622479,690,0,A
1,1,1,1.0,0.23361462080335815,2.0,75808.0,3.0,1.0,1.0,691,1,A
1,1,1,1.0,0.4637788292763154,2.0,67876.0,4.0,0.7353151705774195,0.5869738356948113,692,0,A
0,1,1,0.0,0.4701049558591331,0.0,99872.0,2.0,0.6856161230168079,0.5820873665064179,693,0,A
1,1,0,2.0,0.4186221881931776,1.0,22838.0,5.0,1.0,0.9415211014441089,694,1,A
1,1,1,2.0,0.5375822937807667,0.0,37924.0,3.0,0.95,0.9672608377752103,695,0,A
1,1,1,2.0,0.6294921594324181,2.0,23124.0,2.0,0.7804778338425788,0.5373985197363568,696,1,B
1,0,0,0.0,0.4093272451081616,0.0,98569.0,5.0,0.95,0.862921598080433,698,0,A
1,1,1,3.0,0.5083057258784274,2.0,16099.0,2.0,1.0,0.8665590753894191,699,1,A
1,1,1,0.0,0.5595316190637843,4.0,62007.0,5.0,0.95,0.7359095379634595,700,0,B
1,1,0,1.0,0.3460120329625097,4.0,96005.0,3.0,0.95,0.8598440004171799,702,0,A
1,1,0,0.0,0.29041589089452946,3.0,79520.0,2.0,0.95,0.9686402088686924,703,0,A
1,1,0,1.0,0.5226163524006036,1.0,52293.0,5.0,0.95,0.8565999671409634,704,0,A
1,0,1,1.0,0.7149085112140594,0.0,37251.0,5.0,0.95,0.7347213803256888,705,0,B
1,0,0,0.0,0.635920771136126,0.0,63974.0,2.0,0.19175457010221247,0.3118654138245202,707,0,B
0,1,1,0.0,0.5989020339925492,1.0,14618.0,2.0,0.95,0.7256720069416137,708,0,B
1,1,0,1.0,0.26580001333234954,0.0,79050.0,4.0,0.95,0.852281557163458,709,0,A
1,0,1,1.0,0.9269503473176542,0.0,42602.0,5.0,0.95,0.7404399911139483,710,0,B
1,1,1,0.0,0.24481176622070347,4.0,76670.0,4.0,0.95,0.7686402088686924,711,0,A
0,0,1,0.0,0.9326578599871386,4.0,44171.0,4.0,0.1175864706326246,0.2700896399575662,712,0,B
0,0,0,1.0,0.4277565538092787,0.0,71817.0,5.0,0.95,0.9522815571634579,713,0,A
1,0,0,2.0,0.9131009482804135,1.0,10201.0,3.0,1.0,0.8633208836893649,714,1,B
1,1,0,1.0,0.4913389149049732,3.0,65036.0,5.0,0.95,0.8370746231148858,715,0,A
0,1,0,1.0,0.27999175483268673,0.0,20310.0,5.0,0.95,0.742583076070073,717,0,B
1,1,1,0.0,0.5127610562560014,1.0,52901.0,5.0,0.781143399881716,0.6042527344874764,719,0,A
1,1,1,2.0,0.32654174571001915,4.0,91248.0,1.0,0.95,0.8466524318503987,720,0,A
1,1,1,3.0,0.34497764688386523,0.0,32726.0,1.0,1.0,0.9513792845215855,721,1,A
1,0,1,1.0,0.41555736462548665,0.0,91018.0,1.0,0.95,0.8456606737333261,723,0,A
1,1,1,1.0,0.34542990667614576,3.0,56640.0,4.0,0.8517707310730561,0.6011595446331379,724,1,A
1,0,1,1.0,0.26938549665720213,3.0,44536.0,4.0,0.95,0.7359095379634595,725,0,A
1,1,1,2.0,0.23318540230049017,3.0,87217.0,3.0,0.6584615091399608,0.5540595541860973,726,0,A
1,1,0,2.0,0.5523835216989659,0.0,83976.0,3.0,0.7959295708090517,0.6144071965539366,727,0,A
1,1,1,3.0,0.3290522824818137,3.0,73564.0,4.0,1.0,0.9565999671409633,728,1,A
1,1,0,2.0,0.6279357059133814,4.0,74034.0,3.0,0.95,0.9565999671409633,729,0,A
1,1,1,3.0,0.19029120238824915,0.0,16530.0,5.0,1.0,0.9598440004171798,730,1,A
1,1,1,2.0,0.503934104725811,3.0,82521.0,1.0,1.0,0.8693181821839284,731,1,A
1,1,1,2.0,0.4924560958058298,1.0,61784.0,3.0,0.8674295982427622,0.6483993417833951,732,1,A
0,1,1,2.0,0.3279625839954618,3.0,66934.0,3.0,0.95,0.7513792845215855,734,0,A
1,0,0,1.0,0.5318000497244294,3.0,50503.0,1.0,0.95,0.7115816314769696,735,0,B
0,0,0,0.0,0.5963021731713898,3.0,93047.0,1.0,0.95,0.8213327672468362,736,0,B
1,1,1,2.0,0.47149337123316315,4.0,10957.0,1.0,0.8183340155287467,0.572021306102733,738,1,A
1,1,1,1.0,0.24874244315120908,2.0,78178.0,1.0,1.0,0.8679544871192751,739,1,A
0,1,0,0.0,0.36071091290330803,3.0,66208.0,5.0,0.95,0.966559075389419,741,0,A
1,1,0,1.0,0.39421151266279647,3.0,65190.0,4.0,1.0,0.8513792845215856,742,1,A
1,1,1,2.0,0.3035204676959469,4.0,39146.0,1.0,1.0,0.9549097145229615,743,1,A
1,1,1,3.0,0.3035534414768717,1.0,54686.0,2.0,1.0,0.8693181821839284,745,1,A
1,0,1,1.0,0.48273221355485646,4.0,69479.0,1.0,1.0,0.9636669492803462,746,1,A
1,0,0,2.0,0.36216323352331903,0.0,10042.0,3.0,1.0,0.8065999671409634,747,1,A
1,1,1,1.0,0.5273709675084716,4.0,57170.0,5.0,0.8168277445732304,0.6166482905129325,748,0,A
1,1,0,1.0,0.44268490786429143,4.0,59097.0,4.0,0.95,0.8621668711480214,749,0,A
1,0,0,1.0,0.5945246902960823,2.0,50765.0,2.0,0.8066461688123978,0.5630330829128282,751,0,B
1,1,0,1.0,0.6205486830053519,4.0,85587.0,2.0,0.95,0.9415211014441089,752,0,A
1,1,1,2.0,0.3988992934315657,0.0,40121.0,4.0,1.0,0.9466524318503986,754,1,A
1,0,1,1.0,0.46119568653934284,4.0,94444.0,1.0,0.7925981326945877,0.6041587243299619,755,0,A
1,1,1,3.0,0.5999897925178264,1.0,19186.0,2.0,1.0,0.7590492868121785,758,1,A
1,1,1,1.0,0.5095013616183841,4.0,59334.0,3.0,1.0,0.912921598080433,759,1,A
1,0,0,0.0,0.31624251691906186,2.0,73298.0,2.0,0.95,0.7393390427938564,760,0,A
1,1,1,1.0,0.3497592329876844,2.0,84829.0,2.0,0.95,0.8393390427938565,763,0,A
1,1,0,2.0,0.5287318790466307,2.0,35018.0,4.0,1.0,0.8456606737333261,764,1,A
1,1,1,0.0,0.41761111205069623,3.0,77747.0,1.0,0.95,0.9557607926224789,765,0,A
1,1,0,2.0,0.27384769706803547,4.0,87843.0,2.0,0.95,0.8495329850015804,766,0,A
1,0,0,0.0,0.5609402798751142,2.0,92275.0,1.0,0.95,0.8310088561026036,767,0,B
1,0,0,0.0,0.4837540607711087,2.0,89634.0,5.0,0.95,0.7347213803256888,768,0,B
1,1,0,1.0,0.45667564046971465,1.0,41486.0,4.0,0.95,0.8425830760700731,769,0,B
0,0,1,0.0,0.28686104755690545,2.0,59480.0,1.0,0.95,0.8644031548358553,770,0,A
1,1,1,1.0,0.5707954545919904,2.0,15105.0,3.0,0.8920421815414314,0.6208678240460126,771,1,B
1,1,1,0.0,0.4588099962551678,2.0,82787.0,2.0,0.95,0.7540463902758355,772,0,A
1,1,0,0.0,0.4054895334631138,4.0,63577.0,1.0,0.95,0.9522815571634579,773,0,A
1,1,0,1.0,0.634870903154814,0.0,89202.0,2.0,0.95,0.7283997493862192,775,0,B
1,1,1,1.0,0.7395101573654925,4.0,78003.0,5.0,0.95,0.8310088561026036,776,0,B
1,1,1,0.0,0.3318171424209935,3.0,51051.0,5.0,0.95,0.8404399911139484,777,0,A
1,0,0,2.0,0.7959064884952862,2.0,57688.0,5.0,1.0,0.8446522466343432,778,1,B
1,1,1,2.0,0.3592284301172425,3.0,49617.0,4.0,1.0,0.7699885802198159,779,1,A
1,1,0,1.0,0.8535077257350046,1.0,57463.0,3.0,0.95,0.8115816314769697,780,0,B
0,1,0,2.0,0.3621052442492981,3.0,19202.0,5.0,0.95,0.760628325311221,781,0,A
1,1,1,1.0,0.4862966012898521,2.0,43834.0,3.0,1.0,0.7966524318503987,782,1,A
0,1,1,1.0,0.34292285140990986,4.0,75494.0,4.0,0.09816407307241244,0.2815238450366094,783,0,A
0,0,0,1.0,0.566250992208186,1.0,34937.0,3.0,0.6568467538526083,0.5236356576327521,784,0,B
0,1,1,2.0,0.41304345087024436,2.0,31019.0,2.0,0.95,0.742583076070073,785,0,A
1,1,1,1.0,0.4894334385663695,2.0,56331.0,3.0,1.0,0.7995329850015803,786,1,A
1,1,0,1.0,0.5352404762181158,1.0,26012.0,3.0,1.0,0.9106283253112212,787,1,A
1,0,0,2.0,0.38464741024138005,2.0,75135.0,4.0,1.0,0.7549097145229615,788,1,A
1,1,1,3.0,0.4427313087867087,1.0,68879.0,5.0,1.0,0.9621668711480212,790,1,A
1,0,0,0.0,0.39529721022694375,0.0,55695.0,2.0,0.95,0.8658490079305989,791,0,A
1,1,0,3.0,0.39788521603317106,3.0,46800.0,4.0,1.0,0.967954487119275,792,1,A
0,0,0,1.0,0.5766184767644038,2.0,70627.0,3.0,0.95,0.7297184837893457,793,0,B
0,1,1,1.0,0.3906702529216599,2.0,42700.0,3.0,1.0,1.0,794,1,A
1,1,1,1.0,0.3537400233263546,2.0,14375.0,5.0,1.0,0.8531704623105665,796,1,A
0,0,1,1.0,0.5711275049467723,1.0,53624.0,4.0,0.7485599590981629,0.5961679548704122,797,0,A
1,1,1,2.0,0.3480283030273883,1.0,65586.0,5.0,1.0,0.9513792845215855,798,1,A
1,0,1,1.0,0.11919808735351212,4.0,72340.0,2.0,0.95,0.869988580219816,799,0,A
0,1,0,0.0,0.7813609199530309,0.0,72964.0,1.0,0.7692841328248922,0.5792944577341053,800,0,B
1,1,0,1.0,0.6027857403985817,3.0,30398.0,3.0,0.95,0.8425830760700731,801,0,B
1,1,1,3.0,0.37018879801874033,3.0,43706.0,1.0,1.0,0.865130436467796,802,1,A
1,1,0,1.0,0.29214770014680475,4.0,59716.0,4.0,0.95,0.7322720606544735,803,0,B
1,1,1,1.0,0.35430904386869977,4.0,31491.0,5.0,0.8301640676874317,0.6040378005260454,808,1,A
1,1,0,1.0,0.4773185222694,2.0,60671.0,1.0,0.95,0.7522815571634579,809,0,A
0,1,0,0.0,0.41505014691137243,3.0,33854.0,4.0,0.95,0.8382175148131275,810,0,B
1,0,1,0.0,0.16094094620080465,3.0,97697.0,3.0,0.95,0.9540463902758355,811,0,A
0,0,1,0.0,0.9501280382163833,0.0,59645.0,1.0,0.95,0.7270513780350957,812,0,B
1,1,0,2.0,0.20977636869206784,4.0,16224.0,4.0,0.9028481206131774,0.561893668453062,813,1,B
1,0,1,0.0,0.34242386267700486,1.0,95245.0,2.0,0.95,0.8574275664689035,814,0,A
1,1,0,2.0,0.48810523907938186,3.0,12968.0,3.0,1.0,0.9946522466343432,815,1,A
1,0,0,0.0,0.8693588489806531,3.0,28845.0,5.0,0.95,0.8182551695835832,817,0,B
1,1,1,0.0,0.6281798353408781,2.0,89711.0,4.0,0.95,0.8466524318503987,818,0,A
0,0,0,0.0,0.5942204007972375,3.0,95211.0,3.0,0.6956759609836667,0.5596123262585595,819,0,B
1,1,1,0.0,0.5598615681162402,4.0,28546.0,3.0,0.95,0.8590492868121786,820,0,A
0,0,0,0.0,0.7592526548854633,0.0,95877.0,2.0,0.95,0.8213327672468362,823,0,B
1,0,1,1.0,0.7733223399646582,1.0,25423.0,4.0,0.836884958858627,0.5742830024707154,824,1,B
0,1,0,0.0,0.6886438050352865,2.0,78539.0,1.0,0.95,0.8079441541679837,825,0,B
1,1,1,1.0,0.49196330645859787,4.0,82359.0,2.0,0.95,0.766559075389419,826,0,A
1,0,0,1.0,0.4309098305582989,2.0,51466.0,1.0,0.95,0.7370746231148857,827,0,B
1,1,1,1.0,0.24229768555147668,4.0,66456.0,4.0,0.95,0.7582439055922502,828,0,A
0,1,0,1.0,0.7705885426167782,1.0,38907.0,5.0,0.7190801008324479,0.566633568213194,829,0,B
0,0,0,0.0,0.35116492419585754,2.0,50112.0,4.0,0.95,0.8436265806327852,831,0,B
1,1,1,2.0,0.3699722625019003,0.0,16949.0,1.0,1.0,0.9531704623105663,832,1,A
0,0,0,0.0,0.30120311875037636,2.0,32771.0,2.0,0.95,0.7213327672468361,833,0,B
0,0,1,1.0,0.5369118564389314,4.0,86749.0,1.0,0.95,0.8150111363073667,835,0,B
0,1,1,2.0,0.40430552371669765,0.0,84794.0,5.0,0.95,0.865130436467796,836,0,A
1,1,1,2.0,0.426960553837254,3.0,27462.0,4.0,1.0,0.8531704623105665,837,1,A
0,1,0,2.0,0.33372670562764684,3.0,77494.0,3.0,0.1537582027490863,0.3240490589051588,838,0,A
1,1,0,2.0,0.4613804356733192,1.0,79910.0,3.0,0.95,0.9485880835834919,839,0,A
1,1,1,2.0,0.6579831181698208,3.0,78471.0,5.0,0.6345057825621087,0.5510124085019587,840,0,A
1,1,1,3.0,0.35031993789716753,0.0,62857.0,4.0,1.0,0.8614025296013756,841,1,A
1,1,1,3.0,0.43914560103889,1.0,59829.0,4.0,0.7661142271886533,0.556355369600705,842,1,A
0,1,0,2.0,0.2947375090282383,2.0,90483.0,3.0,0.95,0.8679544871192751,843,0,A
1,1,0,2.0,0.4881988740452662,3.0,55189.0,1.0,0.95,0.9557607926224789,844,0,A
1,0,1,1.0,0.4168216420609661,3.0,30675.0,3.0,1.0,1.0,845,1,A
1,1,1,2.0,0.3293160843039664,0.0,49276.0,5.0,1.0,0.7495329850015803,846,1,A
1,1,0,1.0,0.3320192587432094,4.0,63578.0,5.0,0.95,0.767954487119275,847,0,A
1,1,0,2.0,0.33510325161571797,0.0,31934.0,5.0,0.7290755147207351,0.5696321923796801,848,0,A
1,1,1,1.0,0.5531373637024617,4.0,36739.0,2.0,1.0,0.9359095379634594,849,1,A
1,0,0,0.0,0.5338105398072481,2.0,19624.0,4.0,0.6449660443557999,0.5531420599410831,850,0,A
1,0,1,2.0,0.395523262295455,4.0,74922.0,5.0,0.95,0.7476280631027055,851,0,A
1,1,1,2.0,0.46424945234716486,4.0,40944.0,3.0,1.0,1.0,852,1,A
1,1,0,1.0,0.357527761883244,2.0,34973.0,5.0,1.0,0.862921598080433,853,1,A
0,1,1,1.0,0.6719499018031584,4.0,87921.0,4.0,0.6692683882049643,0.5505018967871781,854,0,B
0,1,1,2.0,0.3055383516821557,3.0,14436.0,1.0,0.771000238660564,0.5648881551816611,855,1,A
0,1,0,3.0,0.433610175894513,0.0,10868.0,5.0,1.0,0.7699885802198159,856,1,A
1,1,0,1.0,0.4459038459632584,4.0,90812.0,4.0,0.95,0.7466524318503986,857,0,A
1,0,0,2.0,0.4626362644823202,3.0,50586.0,4.0,0.95,0.8658490079305989,859,0,A
1,0,1,1.0,0.45323851720613606,4.0,30270.0,1.0,0.95,0.8359095379634596,860,0,A
1,1,0,2.0,0.2970320871355105,1.0,74076.0,4.0,0.7380557155327094,0.5859496996613931,862,0,A
1,1,0,0.0,0.7620803278990382,4.0,13078.0,5.0,0.95,0.7097904536879888,863,0,B
0,1,1,1.0,0.42303044132589535,2.0,70328.0,5.0,0.15054440223850984,0.32601232860215174,865,0,A
1,0,1,2.0,0.4574479901903372,3.0,71198.0,1.0,0.95,0.8582439055922503,866,0,A
1,0,0,1.0,0.9221125797433356,4.0,48449.0,2.0,0.95,0.8242601770970022,867,0,B
1,1,1,2.0,0.5390081924898555,2.0,13082.0,3.0,0.95,0.7621668711480213,868,0,A
1,0,0,1.0,0.6641258863414015,1.0,79742.0,2.0,0.219369756131376,0.321250917953361,869,0,B
0,1,1,0.0,0.40914411578074794,3.0,38629.0,2.0,0.95,0.7166550747586534,870,0,B
0,1,0,0.0,0.8567129942651643,1.0,38627.0,2.0,0.95,0.8198136987677789,871,0,B
1,1,1,3.0,0.23409599999673486,0.0,55080.0,2.0,1.0,0.8582439055922503,872,1,A
1,0,1,2.0,0.2356289438295316,4.0,44993.0,3.0,0.95,0.8415211014441091,874,0,A
1,1,0,1.0,0.5600276326098106,1.0,12795.0,5.0,1.0,0.8370746231148858,875,1,B
1,0,1,1.0,0.4119905709546514,4.0,26311.0,1.0,1.0,0.9382175148131273,876,1,A
1,1,1,3.0,0.36841663728282237,0.0,54111.0,3.0,1.0,1.0,877,1,A
1,1,0,1.0,0.3319876039479531,4.0,38966.0,3.0,0.95,0.7436265806327851,879,0,A
0,0,0,0.0,0.1777703426879935,3.0,83170.0,2.0,0.7704598505838289,0.6043818607673989,881,0,A
1,1,1,3.0,0.31339979751261715,1.0,22253.0,5.0,1.0,0.741521101444109,882,1,A
1,1,1,2.0,0.4156478542840801,2.0,29516.0,4.0,1.0,0.7598440004171798,883,1,A
1,1,0,1.0,0.42699244070222164,1.0,16875.0,2.0,0.7810901783044262,0.5626479371806927,884,0,B
1,1,1,2.0,0.4775197442587727,1.0,31706.0,4.0,0.769802784798686,0.5682223926030637,885,1,A
0,1,1,1.0,0.4843255975645836,4.0,22148.0,5.0,0.9717423485764856,0.7629215980804329,886,1,A
1,1,0,2.0,0.4393752152999457,4.0,69739.0,3.0,0.95,0.8446522466343432,889,0,A
1,1,1,1.0,0.3145005938752625,0.0,33007.0,2.0,0.95,0.8415211014441091,890,0,A
1,1,0,1.0,0.45333455231030656,2.0,34592.0,5.0,0.9109120210159,0.6275917884886983,891,1,A
1,0,0,0.0,0.800589315473828,1.0,14203.0,2.0,0.8193122651567738,0.5866733315493209,892,0,B
1,1,0,3.0,0.27982329516665844,4.0,14296.0,3.0,1.0,0.7904399911139484,893,1,A
1,1,1,3.0,0.4407645865779143,2.0,40577.0,4.0,1.0,0.9393390427938564,894,1,A
0,0,1,1.0,0.5405369350016611,1.0,95257.0,1.0,1.0,0.8446522466343432,895,1,B
0,0,0,1.0,0.3742785790405319,3.0,16521.0,1.0,0.95,0.8658490079305989,897,0,A
1,1,0,1.0,0.4141560238766985,4.0,96887.0,4.0,0.95,0.7436265806327851,898,0,A
1,1,0,1.0,1.0,2.0,40427.0,2.0,0.6423257084847648,0.5333697194870431,899,0,B
1,1,1,2.0,0.667575410510096,2.0,74874.0,3.0,0.043683252930695915,0.2932354123470047,901,0,A
1,1,0,0.0,0.5889602647144981,0.0,78756.0,1.0,0.95,0.9574275664689034,902,0,A
0,1,0,0.0,0.37837957654197546,4.0,54228.0,4.0,0.95,0.8644031548358553,904,0,A
0,0,1,0.0,0.6391134669382637,2.0,24438.0,3.0,0.95,0.7213327672468361,905,0,B
1,1,0,1.0,0.46464891449963897,4.0,32390.0,2.0,0.95,0.7495329850015803,907,0,A
1,1,0,1.0,0.4037010414668569,2.0,30830.0,2.0,0.6841021639697246,0.5668830810413161,908,0,A
1,0,0,1.0,0.979612906381566,1.0,86143.0,5.0,0.95,0.8335092178866377,909,0,B
1,1,0,2.0,0.3243567468002485,0.0,56008.0,3.0,0.95,0.7485880835834919,911,0,A
0,1,0,0.0,0.34253179261295885,3.0,40065.0,4.0,0.95,0.7297184837893457,912,0,B
1,1,1,2.0,0.1992936399611104,0.0,68686.0,1.0,0.11737196953171276,0.2906515819734621,915,0,A
1,1,1,2.0,0.4204288088250872,2.0,18695.0,1.0,1.0,0.7495329850015803,916,1,A
0,1,0,2.0,0.42167499824922483,3.0,27101.0,1.0,0.95,0.8504632361937383,917,0,A
1,1,1,1.0,0.2918320867924609,1.0,46772.0,1.0,1.0,0.9651304364677958,918,1,A
1,1,0,0.0,0.26018754424004237,2.0,44993.0,3.0,0.95,0.7574275664689034,919,0,A
0,0,0,0.0,0.6455916495381404,2.0,70718.0,1.0,0.7161659837396056,0.5358890273909905,921,0,B
1,1,0,1.0,0.2542464611264364,4.0,87317.0,5.0,0.95,0.865130436467796,922,0,A
1,1,1,0.0,0.3109455220732592,1.0,56412.0,4.0,0.95,0.7404399911139483,923,0,B
1,1,1,0.0,0.3159624532442912,1.0,62692.0,5.0,0.7245894371834107,0.6010170400237157,924,0,A
1,1,1,2.0,0.4797344756471317,3.0,73232.0,3.0,1.0,0.8976280631027056,925,1,A
1,1,1,2.0,0.16727300459736485,3.0,57730.0,3.0,0.95,0.7446522466343432,926,0,A
1,0,1,0.0,0.8035406296760942,3.0,83880.0,2.0,0.95,0.8425830760700731,927,0,B
1,0,1,1.0,0.5930291100700806,3.0,54086.0,3.0,0.080602411458269,0.27625534655236633,929,0,A
1,0,0,1.0,0.6799948893899863,3.0,73113.0,3.0,0.6495415935836869,0.5248736143824726,930,0,B
1,0,0,3.0,0.473955497506363,4.0,29579.0,4.0,1.0,0.9629215980804329,932,1,A
1,1,0,0.0,0.26438037502824796,4.0,94302.0,3.0,0.7395281905640593,0.5900289194797842,933,0,A
1,1,1,1.0,0.3538544818722459,2.0,16027.0,3.0,1.0,0.7946522466343432,934,1,A
1,1,0,0.0,0.47076378175125694,2.0,42354.0,4.0,0.95,0.7270513780350957,935,0,B
1,1,0,0.0,0.5686286443160562,0.0,28478.0,3.0,0.95,0.8504632361937383,936,0,A
1,0,1,1.0,0.5414929879685715,4.0,52359.0,4.0,0.95,0.8425830760700731,938,0,B
1,1,1,0.0,0.3573961760449202,2.0,99921.0,5.0,0.95,0.8636669492803464,939,0,A
1,1,0,2.0,0.39062893026752027,3.0,69425.0,4.0,0.95,0.7359095379634595,940,0,A
1,1,1,2.0,0.5739145663742894,3.0,36498.0,5.0,1.0,0.7636669492803463,941,1,A
1,0,1,0.0,0.4207580007599926,3.0,84956.0,5.0,0.95,0.7658490079305988,943,0,A
0,0,0,1.0,0.864726682974885,1.0,52863.0,4.0,0.95,0.8393390427938565,944,0,B
1,1,1,1.0,0.46055884125426194,0.0,73602.0,5.0,0.95,0.9446522466343431,945,0,A
0,1,1,0.0,0.6668515377844401,3.0,30820.0,1.0,0.95,0.7404399911139483,946,0,B
1,1,1,1.0,0.3448213644569016,4.0,30402.0,3.0,1.0,0.8013792845215856,947,1,A
1,1,1,1.0,0.5050395462942239,1.0,98824.0,3.0,0.95,0.869988580219816,948,0,A
1,1,1,2.0,0.47254133629648176,3.0,23861.0,3.0,1.0,0.8925830760700731,949,1,A
1,1,1,1.0,0.23952534839857823,2.0,70549.0,1.0,1.0,0.9621668711480212,950,1,A
0,1,1,1.0,0.45542733767751353,3.0,75565.0,2.0,0.7616438475637376,0.5794026922325808,951,0,B
0,1,1,1.0,0.5232762631011689,1.0,69396.0,2.0,0.95,0.7522815571634579,952,0,A
1,0,0,0.0,0.3935100448508868,4.0,53046.0,2.0,0.95,0.7446522466343432,954,0,B
1,1,0,1.0,0.6518226204558775,4.0,39095.0,4.0,0.95,0.8270513780350958,955,0,B
1,0,0,0.0,0.3905401647438941,2.0,64668.0,1.0,0.95,0.7404399911139483,956,0,B
1,0,0,2.0,0.3866749476356327,1.0,92790.0,5.0,0.95,0.8495329850015804,957,0,A
1,1,1,0.0,0.43905418180353006,1.0,98983.0,1.0,0.6664343354184092,0.5644632856271031,958,0,A
1,0,1,1.0,0.41534270367417203,0.0,10747.0,1.0,1.0,0.8359095379634596,959,1,B
1,1,1,1.0,0.35956581006284766,1.0,99553.0,3.0,0.656332460979668,0.5812179204778287,960,0,A
0,1,0,0.0,0.36188085526188485,3.0,68449.0,5.0,0.1496552962649062,0.2969712119943575,961,0,B
1,1,1,1.0,0.5243864602044958,0.0,57694.0,1.0,1.0,0.9485880835834919,962,1,A
1,1,0,2.0,0.4614177110087713,4.0,31255.0,4.0,1.0,0.7574275664689034,963,1,A
1,0,0,1.0,0.4711563320006356,0.0,31418.0,3.0,0.6859792074627028,0.5555151425644996,964,0,B
0,0,0,2.0,0.1992117722766086,1.0,17408.0,1.0,0.95,0.8549097145229616,965,0,A
1,0,1,3.0,0.35888212958090987,0.0,92808.0,5.0,1.0,0.8679544871192751,966,1,A
1,0,1,2.0,0.5652242473551344,3.0,47784.0,2.0,0.95,0.7644031548358552,967,0,A
1,1,1,1.0,0.3772160363243029,1.0,20668.0,4.0,0.26137074572701613,0.2993207616815644,970,1,A
1,1,0,2.0,0.4496920727884901,2.0,85866.0,3.0,0.22621897299475796,0.34942476728784644,971,0,A
1,1,1,2.0,0.3340884163160077,0.0,32467.0,1.0,1.0,0.8598440004171799,973,1,A
1,1,0,2.0,0.4517288343769811,0.0,20786.0,4.0,1.0,0.8672608377752105,974,1,A
1,1,1,0.0,0.21371656299515052,3.0,83955.0,3.0,0.95,0.741521101444109,975,0,A
0,1,0,1.0,0.21187653970075382,2.0,69787.0,4.0,0.95,0.8606283253112211,976,0,A
0,1,1,3.0,0.4547582450473343,0.0,24139.0,1.0,1.0,0.7522815571634579,977,1,A
0,0,1,2.0,0.31015984170036065,0.0,70884.0,1.0,0.95,0.7582439055922502,978,0,A
1,0,1,2.0,0.38863820951440997,2.0,76485.0,5.0,0.7487744080544202,0.5778498372294534,979,0,A
1,1,0,3.0,0.3490101871919591,0.0,19060.0,5.0,1.0,0.8658490079305989,980,1,A
1,1,1,2.0,0.4574874477086647,2.0,64437.0,2.0,0.7843291044538138,0.5907387224500924,981,0,A
1,1,0,2.0,0.31898900332672664,1.0,24145.0,5.0,1.0,0.8359095379634596,983,1,A
1,1,1,0.0,0.46445914486913265,3.0,71662.0,2.0,0.7825138596777943,0.6103824832145593,984,0,A
0,0,0,0.0,0.4640639735785434,1.0,95123.0,1.0,0.95,0.8228143240022585,986,0,B
1,0,0,1.0,0.2909156841914522,1.0,97332.0,1.0,0.7250998526660342,0.5969331106356655,987,0,A
1,1,0,0.0,0.4682440838052472,4.0,52884.0,2.0,0.95,0.8370746231148858,989,0,A
0,0,0,0.0,0.454980039002654,4.0,90976.0,4.0,0.95,0.9495329850015802,990,0,A
1,1,1,2.0,0.37961976304157025,0.0,70293.0,1.0,1.0,0.8590492868121786,991,1,A
1,1,1,3.0,0.5248204509594877,2.0,23714.0,2.0,1.0,0.967954487119275,992,1,A
0,1,1,0.0,0.3757148351373856,0.0,86405.0,1.0,0.15058882107471927,0.3078047094251213,993,0,A
1,0,0,1.0,0.8757665469182496,1.0,78627.0,5.0,0.95,0.8270513780350958,994,0,B
1,0,0,1.0,0.6639626129858471,3.0,69286.0,4.0,0.95,0.8079441541679837,995,0,B
0,0,1,1.0,0.23295036615569742,1.0,41224.0,1.0,0.22085167214178902,0.343422372790558,996,0,A
1,1,0,1.0,0.396345279246993,1.0,69324.0,3.0,0.95,0.7582439055922502,997,0,A
1,1,0,2.0,0.4481583517179531,0.0,86400.0,2.0,0.95,0.966559075389419,998,0,A
1,1,1,1.0,0.5557525345226927,3.0,24431.0,5.0,1.0,0.8531704623105665,999,1,A
1,1,1,3.0,0.6524273199032877,1.0,26102.0,5.0,1.0,0.8621668711480214,1000,1,A
1,1,1,1.0,0.573837618877539,3.0,60672.0,1.0,0.7447299517463978,0.597468272336098,1001,0,A
1,1,1,2.0,0.2289400407424787,3.0,29957.0,2.0,1.0,0.7359095379634595,1002,1,A
1,1,0,1.0,0.24857527625624948,0.0,43106.0,5.0,0.95,0.8370746231148858,1003,0,A
1,1,0,3.0,0.3718090930964691,4.0,33301.0,2.0,1.0,0.9404399911139483,1004,1,A
1,1,0,0.0,0.32169628134013606,1.0,88746.0,3.0,0.95,0.9446522466343431,1005,0,A
0,1,0,1.0,0.3941717127588542,4.0,44867.0,2.0,0.95,0.8504632361937383,1006,0,A
1,1,1,2.0,0.1748910777896481,0.0,38446.0,1.0,1.0,0.8582439055922503,1008,1,A
1,1,0,1.0,0.3098264043113248,0.0,37419.0,5.0,1.0,0.9651304364677958,1009,1,A
1,1,1,1.0,0.5331985201899696,0.0,78011.0,1.0,1.0,0.9598440004171798,1011,1,A
1,1,0,0.0,0.3821335784617506,4.0,53874.0,3.0,0.95,0.7370746231148857,1012,0,A
1,0,1,1.0,0.30930803599391105,2.0,81753.0,1.0,0.95,0.943626580632785,1013,0,A
1,1,0,3.0,0.2679922926251337,4.0,31145.0,2.0,1.0,0.8549097145229616,1014,1,A
0,1,1,1.0,0.0033173680926485982,3.0,24483.0,2.0,1.0,0.7644031548358552,1016,1,A
1,1,0,1.0,0.4127821606494807,1.0,75611.0,4.0,0.95,0.943626580632785,1018,0,A
1,1,1,1.0,0.7400000405099685,4.0,95657.0,5.0,0.95,0.8115816314769697,1019,0,B
0,1,1,0.0,0.27919459001460023,0.0,51922.0,2.0,0.95,0.848588083583492,1020,0,A
1,1,1,1.0,0.49164316992776513,2.0,12107.0,2.0,1.0,0.9651304364677958,1021,1,A
1,1,0,2.0,0.4089995462333,0.0,29533.0,3.0,1.0,0.9040463902758357,1022,1,A
1,0,0,1.0,0.3449267048017219,0.0,64993.0,4.0,0.95,0.7582439055922502,1023,0,A
0,1,1,1.0,0.34512166102793673,1.0,64305.0,5.0,0.808489832061946,0.615790855210834,1026,0,A
0,1,0,0.0,0.6470127787540444,3.0,65316.0,4.0,0.95,0.8425830760700731,1027,0,B
1,0,0,1.0,0.6837361568091151,4.0,68584.0,4.0,0.6865718178431788,0.5392267149365367,1028,0,B
1,1,1,1.0,0.4047138101779032,2.0,68445.0,3.0,0.95,0.8476280631027056,1029,0,A
1,1,1,2.0,0.2219759123177194,1.0,27144.0,1.0,1.0,0.9686402088686924,1031,1,A
1,1,0,0.0,0.6771470143273419,1.0,73408.0,3.0,0.95,0.7446522466343432,1033,0,B
1,1,0,0.0,0.5048588605778952,3.0,99108.0,4.0,0.95,0.7495329850015803,1034,0,A
0,1,1,1.0,0.3312529877527446,2.0,43510.0,2.0,0.95,0.7476280631027055,1037,0,A
1,0,0,1.0,0.5219338180153166,1.0,88079.0,3.0,0.6442801283707168,0.5519106191440002,1038,0,B
1,1,1,2.0,0.44667287437417347,4.0,18834.0,5.0,1.0,0.8404399911139484,1040,1,A
0,0,1,1.0,0.6540956483161179,4.0,90277.0,4.0,0.7808963561623203,0.5675240764322792,1041,0,B
1,1,1,1.0,0.3450900816262262,4.0,42163.0,1.0,1.0,0.7531704623105664,1042,1,A
1,1,1,3.0,0.4160076520679516,3.0,44078.0,3.0,1.0,0.9172608377752105,1043,1,A
1,1,1,0.0,0.36155627296901777,1.0,87941.0,1.0,0.7613070225817459,0.607795261610379,1045,0,A
1,1,0,0.0,0.8086371611972023,3.0,23519.0,2.0,0.95,0.8150111363073667,1046,0,B
1,1,0,1.0,0.289593500100846,4.0,75351.0,5.0,0.95,0.865130436467796,1048,0,A
1,1,1,2.0,0.34541243882284495,1.0,80088.0,1.0,0.95,0.848588083583492,1050,0,A
1,1,1,1.0,0.43209446551696395,1.0,72014.0,1.0,1.0,0.767954487119275,1051,1,A
1,1,1,2.0,0.5223195660489695,0.0,46109.0,4.0,1.0,0.8565999671409634,1054,1,A
1,0,0,0.0,0.7538172659422216,2.0,67290.0,3.0,0.95,0.7256720069416137,1055,0,B
1,1,1,1.0,0.33013840569970787,2.0,18470.0,3.0,1.0,0.915130436467796,1056,1,A
0,0,0,0.0,0.5787891747542491,2.0,23695.0,3.0,0.95,0.8322720606544736,1057,0,B
1,1,1,2.0,0.35483730485692294,2.0,38709.0,4.0,0.8328512324978555,0.5954836950605777,1058,1,A
1,1,0,1.0,0.41814680739298915,2.0,55220.0,5.0,0.95,0.8582439055922503,1059,0,A
1,1,1,2.0,0.5828844610751307,2.0,28528.0,4.0,1.0,0.7359095379634595,1060,1,A
1,1,1,3.0,0.31356630606483765,0.0,42536.0,2.0,1.0,0.869988580219816,1061,1,A
1,1,1,3.0,0.48463470386769014,4.0,94469.0,3.0,1.0,1.0,1062,1,A
0,1,0,1.0,0.2600182071800081,4.0,93767.0,5.0,0.95,0.7476280631027055,1063,0,A
1,1,1,1.0,0.33303119440690676,1.0,17066.0,5.0,1.0,0.7466524318503986,1064,1,A
1,0,0,1.0,0.65058705901008,0.0,73225.0,1.0,0.7780234941324813,0.5899281496838533,1065,0,B
1,0,1,2.0,0.3283096630810597,4.0,99644.0,3.0,0.95,0.7382175148131274,1066,0,A
1,1,0,1.0,0.6342005857204703,1.0,32826.0,4.0,1.0,0.7485880835834919,1068,1,A
1,1,1,1.0,0.3936182398530325,0.0,29670.0,2.0,1.0,0.7614025296013756,1070,1,A
1,1,0,0.0,0.35818820378537874,2.0,50667.0,3.0,0.95,0.9522815571634579,1072,0,A
0,1,0,2.0,0.3217591863011566,3.0,17184.0,2.0,1.0,0.9415211014441089,1075,1,A
1,1,0,2.0,0.6020581960432585,2.0,11251.0,4.0,0.20701199313658575,0.287543589054924,1076,1,B
1,1,1,2.0,0.4412249599853969,4.0,85012.0,4.0,1.0,0.745660673733326,1077,1,B
0,1,1,1.0,0.3922244600376139,4.0,13398.0,5.0,1.0,0.8531704623105665,1078,1,A
0,1,1,1.0,0.2803290565211597,4.0,29466.0,2.0,1.0,0.9686402088686924,1079,1,A
1,0,0,2.0,0.3789938724737559,2.0,78848.0,3.0,0.95,0.8476280631027056,1083,0,A
1,1,0,2.0,0.2957880713938902,1.0,80819.0,1.0,0.95,0.766559075389419,1084,0,A
1,1,1,1.0,0.32570895434128627,2.0,14085.0,4.0,0.95,0.7466524318503986,1085,0,A
1,0,1,0.0,0.4186469607448927,4.0,46743.0,4.0,0.95,0.7504632361937382,1086,0,A
0,1,1,0.0,0.49836423822057496,0.0,87983.0,2.0,0.95,0.7115816314769696,1087,0,B
1,1,1,2.0,0.4761441326118966,4.0,43735.0,1.0,1.0,0.7531704623105664,1089,1,A
1,1,1,0.0,0.500992868266763,3.0,56255.0,2.0,0.95,0.9415211014441089,1090,0,A
0,1,0,1.0,0.5854633957102185,3.0,71841.0,1.0,0.95,0.9513792845215855,1091,0,A
1,1,0,2.0,0.5664733772721853,2.0,74633.0,5.0,0.95,0.8415211014441091,1092,0,A
1,1,1,2.0,0.5707004984214822,3.0,67044.0,4.0,1.0,0.8665590753894191,1093,1,A
1,0,0,1.0,0.7545149014808462,0.0,79592.0,3.0,0.95,0.8166550747586535,1094,0,B
1,1,1,1.0,0.4965942682622364,3.0,99228.0,5.0,0.9289062185084571,0.8242601770970022,1097,0,B
1,1,1,3.0,0.4208217136579896,0.0,12770.0,5.0,1.0,0.9393390427938564,1098,1,A
1,1,1,2.0,0.42579778272433033,4.0,46884.0,1.0,0.8071592283671379,0.5885502981115169,1099,1,A
1,0,1,1.0,0.5501790883739497,4.0,43267.0,2.0,0.95,0.9393390427938564,1100,0,A
1,1,0,1.0,0.384721378663954,3.0,90922.0,5.0,0.8486141181935187,0.6213164809242424,1101,0,A
1,1,1,1.0,0.42880814464982364,0.0,97042.0,4.0,0.8102449223905978,0.6085367129109176,1102,0,A
1,0,1,1.0,0.621786616747815,4.0,32518.0,4.0,0.21641148199573362,0.32250652066879304,1103,0,B
1,1,1,1.0,0.36093935715486075,3.0,54238.0,3.0,1.0,0.902281557163458,1105,1,A
0,1,0,1.0,0.40495819221524215,4.0,17941.0,3.0,0.95,0.852281557163458,1106,0,A
1,1,1,2.0,0.3811682403742619,1.0,88114.0,4.0,0.7909658575139098,0.620244244373448,1107,0,A
0,1,0,1.0,0.34664775923389773,3.0,87450.0,5.0,0.95,0.7574275664689034,1110,0,A
1,1,0,1.0,0.26987137139496375,4.0,61978.0,2.0,0.95,0.8456606737333261,1111,0,A
1,0,0,2.0,0.8136785890382535,3.0,36778.0,5.0,1.0,0.8456606737333261,1112,1,B
1,1,1,3.0,0.4800633038998648,3.0,53044.0,3.0,1.0,0.9893390427938564,1114,1,A
1,1,1,2.0,0.41672623820237825,4.0,36616.0,1.0,1.0,0.767954487119275,1116,1,A
0,1,1,1.0,0.5106684325326073,1.0,66449.0,3.0,0.95,0.9614025296013755,1117,0,A
1,0,1,2.0,0.4026147913028512,4.0,60670.0,1.0,0.95,0.9504632361937382,1118,0,A
1,1,1,3.0,0.3532931246687155,3.0,65918.0,2.0,1.0,0.9557607926224789,1119,1,A
1,1,1,1.0,0.5189101427433057,3.0,34657.0,4.0,0.9163659519506617,0.6257587935157973,1120,1,A
0,1,1,2.0,0.4023768953889068,3.0,89233.0,4.0,0.95,0.9540463902758355,1121,0,A
1,1,0,1.0,0.7629484527703019,4.0,79140.0,4.0,0.8025721871577395,0.5962116472612702,1122,0,B
1,0,1,0.0,0.4647832290348671,2.0,72976.0,5.0,0.95,0.8636669492803464,1123,0,A
1,1,1,1.0,0.5242638164832897,4.0,20955.0,1.0,1.0,0.8425830760700731,1124,1,B
1,1,1,2.0,0.5707059604818544,2.0,95303.0,2.0,0.95,0.8598440004171799,1125,0,A
0,0,1,1.0,0.7643729246734717,2.0,28369.0,4.0,0.95,0.7213327672468361,1127,0,B
1,0,0,0.0,0.644016833019335,1.0,87744.0,3.0,0.95,0.7198136987677788,1128,0,B
1,1,1,3.0,0.42208946370067807,1.0,43471.0,2.0,1.0,0.8598440004171799,1132,1,A
1,0,0,1.0,0.5060379856130859,1.0,89258.0,1.0,0.6759235316344042,0.5634377332236473,1133,0,A
0,0,0,0.0,0.4948826711342699,4.0,72354.0,3.0,0.95,0.8644031548358553,1136,0,A
1,1,0,2.0,0.5983457387646828,4.0,59231.0,3.0,0.95,0.9531704623105663,1137,0,A
0,1,0,1.0,0.41333534669694444,2.0,85897.0,1.0,0.95,0.8415211014441091,1138,0,A
1,1,0,2.0,0.4143048383677429,3.0,93423.0,1.0,0.95,0.7476280631027055,1139,0,A
1,1,0,1.0,0.5807029532548201,3.0,29520.0,5.0,0.18871378226730856,0.2929469019270287,1140,0,B
0,1,1,1.0,0.4334030867136029,4.0,18222.0,3.0,0.8519994179289645,0.6571589007681085,1143,1,A
1,1,0,2.0,0.3830274503719103,4.0,65830.0,1.0,0.95,0.8404399911139484,1144,0,A
1,1,1,3.0,0.5392133163708078,2.0,43563.0,5.0,0.8677716687957685,0.6035754062309807,1147,1,A
1,0,0,1.0,0.3235665872881103,1.0,89926.0,4.0,0.8039094406593769,0.6075521167193986,1148,0,A
1,1,1,3.0,0.4905053021831697,4.0,15806.0,3.0,1.0,0.802281557163458,1149,1,A
1,0,0,2.0,0.36641068162155555,4.0,84157.0,4.0,0.95,0.7531704623105664,1152,0,A
1,0,1,2.0,0.6826143252783096,1.0,73536.0,5.0,0.95,0.7590492868121785,1153,0,A
1,0,0,1.0,0.631877768878174,3.0,27607.0,1.0,0.95,0.7322720606544735,1154,0,B
1,1,0,1.0,0.4438602862936848,3.0,77189.0,3.0,0.95,0.8297184837893458,1155,0,B
1,1,1,2.0,0.40190240136076466,2.0,78928.0,5.0,0.6607458954302432,0.5502983917439586,1156,0,A
1,0,1,1.0,0.8150507043027649,3.0,30541.0,1.0,1.0,0.8382175148131275,1158,1,B
0,0,0,0.0,0.5080140428475961,0.0,57603.0,1.0,0.95,0.8256720069416138,1159,0,B
1,1,0,1.0,0.5232828887739138,0.0,39136.0,4.0,0.95,0.8228143240022585,1160,0,B
1,1,1,2.0,0.3077907425546941,0.0,46774.0,4.0,1.0,0.8686402088686925,1162,1,A
0,1,0,1.0,0.6313982224378316,1.0,18444.0,3.0,0.95,0.7335092178866376,1163,0,B
1,1,0,2.0,0.47239986682527246,0.0,94538.0,5.0,0.95,0.9699885802198158,1164,0,A
1,1,0,2.0,0.37155137273119065,0.0,68996.0,4.0,0.95,0.741521101444109,1165,0,A
1,0,0,2.0,0.4630551465581937,0.0,86037.0,5.0,0.95,0.9513792845215855,1166,0,A
1,1,1,1.0,0.3097205969842559,1.0,83819.0,4.0,0.95,0.9644031548358551,1168,0,A
1,1,1,2.0,0.33487178999193623,2.0,99553.0,1.0,1.0,0.8382175148131275,1169,1,A
1,1,0,0.0,0.34446858739053177,2.0,52417.0,3.0,0.95,0.7504632361937382,1171,0,A
1,1,1,2.0,0.41144002758083276,4.0,16191.0,3.0,1.0,0.915130436467796,1172,1,A
1,1,1,3.0,0.39190314934386816,0.0,50046.0,3.0,1.0,0.995660673733326,1173,1,A
1,1,1,2.0,0.3163754796470375,4.0,80114.0,2.0,0.7628824424840056,0.6021086383374519,1174,0,A
1,1,1,1.0,0.5085468345400347,1.0,38058.0,4.0,0.95,0.7283997493862192,1175,0,B
0,1,1,2.0,0.36770797668610555,4.0,31783.0,2.0,0.894822104160035,0.6200057066374295,1176,1,A
1,1,1,3.0,0.5206050121343296,3.0,51788.0,3.0,1.0,1.0,1177,1,A
1,1,0,1.0,0.4922666289932631,0.0,18645.0,4.0,0.95,0.8079441541679837,1178,0,B
1,1,0,0.0,0.3667325051623005,3.0,59606.0,4.0,0.7383999794398715,0.5769599849459097,1179,0,A
1,1,1,1.0,0.6339482375738607,4.0,68315.0,3.0,0.8272805308637441,0.6172305495349588,1180,0,A
1,1,0,2.0,0.3721292528801231,4.0,88193.0,1.0,0.95,0.8557607926224791,1181,0,A
1,0,0,1.0,0.4646858304513829,4.0,25501.0,2.0,0.95,0.8283997493862193,1182,0,B
1,1,1,2.0,0.5601761540577058,2.0,45742.0,3.0,0.9161853020332891,0.6491946334038432,1183,1,A
1,1,1,0.0,0.4139939937721075,4.0,89863.0,1.0,0.95,0.966559075389419,1184,0,A
1,1,0,1.0,0.5024189405376748,3.0,90210.0,4.0,0.95,0.7693181821839283,1185,0,A
1,1,1,1.0,0.3642150138150916,2.0,62348.0,5.0,0.7666020188317911,0.582055228764423,1186,0,A
1,1,0,0.0,0.47440739901321105,0.0,82274.0,3.0,0.6535636052276396,0.5810576617881078,1187,0,A
1,1,1,3.0,0.42233436213632464,1.0,54518.0,3.0,1.0,0.8151304364677959,1188,1,A
1,1,1,0.0,0.4873434189228203,1.0,17793.0,4.0,0.95,0.7531704623105664,1189,0,A
1,1,1,2.0,0.30524962399241873,4.0,42802.0,3.0,1.0,0.805760792622479,1190,1,A
1,1,1,3.0,0.6420817471728812,4.0,56332.0,4.0,1.0,0.9574275664689034,1191,1,A
1,0,0,1.0,0.4189717285204042,4.0,48326.0,4.0,0.95,0.8060392322691089,1192,0,B
1,0,0,1.0,0.30219018516929536,4.0,16159.0,4.0,0.95,0.7446522466343432,1193,0,A
1,1,1,1.0,0.556345277951824,4.0,42501.0,1.0,1.0,0.7565999671409633,1194,1,A
1,1,0,2.0,0.3888291259131651,3.0,59486.0,3.0,0.21244174617576034,0.3431356786885833,1195,0,A
1,1,1,3.0,0.5204415379662755,4.0,32819.0,1.0,1.0,0.7495329850015803,1197,1,A
